timestamp,temperature,precipitation,wind_direction,wind_speed,humidity,visibility
2025-10-01T00:00:00.000Z,2.7,0,237,4.5,,
2025-10-01T01:00:00.000Z,2.6,0,238,4.8,,
2025-10-01T02:00:00.000Z,2.9,0,243,4.3,,
2025-10-01T03:00:00.000Z,3.4,0,247,5.1,,
2025-10-01T04:00:00.000Z,3.3,0,243,4.8,,
2025-10-01T05:00:00.000Z,3.3,0,235,4.2,,
2025-10-01T06:00:00.000Z,3.4,0,242,4.5,,
2025-10-01T07:00:00.000Z,4.2,0,230,4.8,,
2025-10-01T08:00:00.000Z,5.8,0,231,3.6,,
2025-10-01T09:00:00.000Z,5.6,0,229,5.3,,
2025-10-01T10:00:00.000Z,7.3,0,228,4.7,,
2025-10-01T11:00:00.000Z,5.6,0,228,5.5,,
2025-10-01T12:00:00.000Z,6.2,0,218,5.6,,
2025-10-01T13:00:00.000Z,5.5,0,212,5.9,,
2025-10-01T14:00:00.000Z,5,0,210,6.3,,
2025-10-01T15:00:00.000Z,5.3,0,214,5.8,,
2025-10-01T16:00:00.000Z,4.5,0,208,5.9,,
2025-10-01T17:00:00.000Z,3.8,0,203,4.8,,
2025-10-01T18:00:00.000Z,3.4,0,203,5.4,,
2025-10-01T19:00:00.000Z,3.6,0,204,6.2,,
2025-10-01T20:00:00.000Z,3.4,0,204,5.2,,
2025-10-01T21:00:00.000Z,3.1,0,197,6.3,,
2025-10-01T22:00:00.000Z,3,0,198,6.4,,
2025-10-01T23:00:00.000Z,2.8,0,198,6.1,,
2025-10-02T00:00:00.000Z,3.1,0,204,7.2,,
2025-10-02T01:00:00.000Z,3.7,0,202,6.6,,
2025-10-02T02:00:00.000Z,4,0,207,6.3,,
2025-10-02T03:00:00.000Z,4,0,204,6.2,,
2025-10-02T04:00:00.000Z,3.9,0,203,6.1,,
2025-10-02T05:00:00.000Z,3.9,0,202,6.2,,
2025-10-02T06:00:00.000Z,4,0,213,6,,
2025-10-02T07:00:00.000Z,4.1,0,211,6.2,,
2025-10-02T08:00:00.000Z,4.3,0,210,5.8,,
2025-10-02T09:00:00.000Z,5,0,215,6.4,,
2025-10-02T10:00:00.000Z,6,0,217,8.3,,
2025-10-02T11:00:00.000Z,6.7,0,216,8.9,,
2025-10-02T12:00:00.000Z,6.4,0,209,7.1,,
2025-10-02T13:00:00.000Z,6.2,0,211,8.1,,
2025-10-02T14:00:00.000Z,6.4,0,219,8.6,,
2025-10-02T15:00:00.000Z,5.8,0,210,6.8,,
2025-10-02T16:00:00.000Z,5.8,0,210,5.8,,
2025-10-02T17:00:00.000Z,5.7,0,218,5.9,,
2025-10-02T18:00:00.000Z,5.6,0,212,5.4,,
2025-10-02T19:00:00.000Z,5.5,0,206,5.3,,
2025-10-02T20:00:00.000Z,5.4,0,209,5.3,,
2025-10-02T21:00:00.000Z,5.3,0,212,3.9,,
2025-10-02T22:00:00.000Z,5.2,0,216,4.2,,
2025-10-02T23:00:00.000Z,5.2,0,218,3.9,,
2025-10-03T00:00:00.000Z,5,0,215,5.2,,
2025-10-03T01:00:00.000Z,5.1,0,207,5.1,,
2025-10-03T02:00:00.000Z,4.7,0,195,5.9,,
2025-10-03T03:00:00.000Z,4.2,0,213,6.6,,
2025-10-03T04:00:00.000Z,4,0,202,5.7,,
2025-10-03T05:00:00.000Z,4.4,0,198,5.8,,
2025-10-03T06:00:00.000Z,4.7,0,208,6.8,,
2025-10-03T07:00:00.000Z,4.6,0,210,6.6,,
2025-10-03T08:00:00.000Z,4.9,0,214,6.2,,
2025-10-03T09:00:00.000Z,4.4,0,201,5.9,,
2025-10-03T10:00:00.000Z,4.5,0,203,7.2,,
2025-10-03T11:00:00.000Z,5.3,0,206,8,,
2025-10-03T12:00:00.000Z,6.6,0,199,7.5,,
2025-10-03T13:00:00.000Z,6.4,0,196,6.4,,
2025-10-03T14:00:00.000Z,6.3,0,198,7.6,,
2025-10-03T15:00:00.000Z,6.1,0,189,6.5,,
2025-10-03T16:00:00.000Z,5.7,0,194,5.7,,
2025-10-03T17:00:00.000Z,5.1,0,185,5.8,,
2025-10-03T18:00:00.000Z,4.2,0,188,5.8,,
2025-10-03T19:00:00.000Z,4,0,184,6.8,,
2025-10-03T20:00:00.000Z,4,0,175,7.3,,
2025-10-03T21:00:00.000Z,3.9,0,177,7.8,,
2025-10-03T22:00:00.000Z,3.5,0,168,7.1,,
2025-10-03T23:00:00.000Z,2.9,0,171,7.8,,
2025-10-04T00:00:00.000Z,2.9,0,163,7.8,,
2025-10-04T01:00:00.000Z,3.1,0,165,9,,
2025-10-04T02:00:00.000Z,3.2,0,163,8.5,,
2025-10-04T03:00:00.000Z,2.8,0,161,9.4,,
2025-10-04T04:00:00.000Z,2.7,0,159,8.8,,
2025-10-04T05:00:00.000Z,2.8,0,162,9.4,,
2025-10-04T06:00:00.000Z,3,0,162,11.6,,
2025-10-05T07:00:00.000Z,2.7,0.4,143,3.6,,
2025-10-05T11:00:00.000Z,4.8,0.2,158,1.7,,
2025-10-05T12:00:00.000Z,4.9,0,154,2,,
2025-10-05T13:00:00.000Z,4.9,0.1,207,2.8,,
2025-10-05T14:00:00.000Z,5.3,0,196,2.9,,
2025-10-05T15:00:00.000Z,5.1,0,197,2.4,,
2025-10-05T16:00:00.000Z,4.3,0,189,2.5,,
2025-10-05T17:00:00.000Z,4.8,0,171,2.4,,
2025-10-05T18:00:00.000Z,4.7,0,204,2.1,,
2025-10-05T19:00:00.000Z,4.8,0,221,2.1,,
2025-10-05T20:00:00.000Z,4.3,0,222,1.8,,
2025-10-05T21:00:00.000Z,4.6,0,228,1.8,,
2025-10-05T22:00:00.000Z,4.7,0,255,1.9,,
2025-10-05T23:00:00.000Z,4.8,0,274,2.1,,
2025-10-06T00:00:00.000Z,4.7,0,263,2.1,,
2025-10-06T01:00:00.000Z,4.4,0,241,2.8,,
2025-10-06T02:00:00.000Z,3.8,0,251,3.2,,
2025-10-06T03:00:00.000Z,3.4,0,250,3,,
2025-10-06T04:00:00.000Z,3.8,0,284,2.7,,
2025-10-06T05:00:00.000Z,4.4,0,304,2.3,,
2025-10-06T06:00:00.000Z,5.1,0,341,1.9,,
2025-10-06T07:00:00.000Z,5.2,0,359,1.8,,
2025-10-06T08:00:00.000Z,6.3,0,6,1,,
2025-10-06T09:00:00.000Z,6.9,0,215,0.9,,
2025-10-06T10:00:00.000Z,6.9,0,193,1.8,,
2025-10-06T11:00:00.000Z,7.6,0,165,2.2,,
2025-10-06T12:00:00.000Z,7.5,0,143,2.6,,
2025-10-06T13:00:00.000Z,7.9,0,177,2.7,,
2025-10-06T14:00:00.000Z,8.9,0,192,3.1,,
2025-10-06T15:00:00.000Z,7.4,0,200,3.1,,
2025-10-06T16:00:00.000Z,6.4,0,191,2.7,,
2025-10-06T17:00:00.000Z,6,0,198,3.1,,
2025-10-06T18:00:00.000Z,5.5,0,197,4,,
2025-10-06T19:00:00.000Z,5.5,0,200,4.8,,
2025-10-06T20:00:00.000Z,5.4,0,206,5.8,,
2025-10-06T21:00:00.000Z,4.7,0,213,4.8,,
2025-10-06T22:00:00.000Z,4.7,0,200,3.8,,
2025-10-06T23:00:00.000Z,4.7,0,222,5.7,,
2025-10-07T00:00:00.000Z,4.4,0.2,213,5,,
2025-10-07T01:00:00.000Z,4.4,0.5,222,4.5,,
2025-10-07T02:00:00.000Z,5,0.4,241,5.6,,
2025-10-07T03:00:00.000Z,5.1,0,242,5.8,,
2025-10-07T04:00:00.000Z,5.3,0,221,3.3,,
2025-10-07T05:00:00.000Z,5.3,0,257,5.7,,
2025-10-07T06:00:00.000Z,5.4,0,263,6.3,,
2025-10-07T07:00:00.000Z,7.1,0,268,6.1,,
2025-10-07T08:00:00.000Z,7.1,0,261,5.6,,
2025-10-07T09:00:00.000Z,7.5,0,258,4.9,,
2025-10-07T10:00:00.000Z,7.6,0.1,243,5.2,,
2025-10-07T11:00:00.000Z,8,1,236,5.4,,
2025-10-07T12:00:00.000Z,8.7,0.1,219,4.3,,
2025-10-07T13:00:00.000Z,7.8,0.1,220,5.8,,
2025-10-07T14:00:00.000Z,8,0,231,3.3,,
2025-10-07T15:00:00.000Z,8,0.1,231,2.8,,
2025-10-07T16:00:00.000Z,7.9,1.8,254,5.5,,
2025-10-07T17:00:00.000Z,8.1,0.1,261,4.2,,
2025-10-07T18:00:00.000Z,8,0,259,5.3,,
2025-10-07T19:00:00.000Z,8.1,0,259,5.2,,
2025-10-07T20:00:00.000Z,7.8,0,259,4.2,,
2025-10-07T21:00:00.000Z,7.8,0,261,4.2,,
2025-10-07T22:00:00.000Z,7.8,0.3,273,4.2,,
2025-10-07T23:00:00.000Z,7.7,0.8,287,3.6,,
2025-10-08T00:00:00.000Z,6.3,0.9,18,3.2,,
2025-10-08T01:00:00.000Z,5.1,1,19,3.7,,
2025-10-08T02:00:00.000Z,4,1.1,5,3.9,,
2025-10-08T03:00:00.000Z,4,0.2,5,2.9,,
2025-10-08T04:00:00.000Z,3.7,0.2,18,2.9,,
2025-10-08T05:00:00.000Z,3.6,0.1,358,2.7,,
2025-10-08T06:00:00.000Z,3.6,0,350,0.9,,
2025-10-08T07:00:00.000Z,3.8,0.2,348,1,,
2025-10-08T08:00:00.000Z,4.1,0.3,58,0.9,,
2025-10-08T09:00:00.000Z,4.5,0.3,218,1.3,,
2025-10-08T10:00:00.000Z,5.1,0.1,190,2.6,,
2025-10-08T11:00:00.000Z,5,0,183,3.2,,
2025-10-08T12:00:00.000Z,6.6,0,223,3.8,,
2025-10-08T13:00:00.000Z,7.4,0,228,3.2,,
2025-10-08T14:00:00.000Z,7.9,0,236,4.7,,
2025-10-08T15:00:00.000Z,6.8,0,240,4.6,,
2025-10-08T16:00:00.000Z,3.9,0,314,5.1,,
2025-10-08T17:00:00.000Z,4,0,298,4.8,,
2025-10-08T18:00:00.000Z,3.1,0,324,3.9,,
2025-10-08T19:00:00.000Z,2.5,0,301,3.5,,
2025-10-08T20:00:00.000Z,2,0,253,3.1,,
2025-10-08T21:00:00.000Z,2.4,0,211,0.8,,
2025-10-08T22:00:00.000Z,2.6,0,234,3.5,,
2025-10-08T23:00:00.000Z,2,0,216,3.9,,
2025-10-09T00:00:00.000Z,2.5,0,229,4,,
2025-10-09T01:00:00.000Z,3.5,0,219,4.4,,
2025-10-09T02:00:00.000Z,3.1,0,230,5.1,,
2025-10-09T03:00:00.000Z,3.2,0,247,5.6,,
2025-10-09T04:00:00.000Z,2.9,0,231,6.1,,
2025-10-09T05:00:00.000Z,3.8,0,240,6.2,,
2025-10-09T06:00:00.000Z,4,0,233,6.2,,
2025-10-09T07:00:00.000Z,4.2,0,232,6.4,,
2025-10-09T08:00:00.000Z,3.9,0.1,230,6.3,,
2025-10-09T09:00:00.000Z,4.7,0.1,236,7.4,,
2025-10-09T10:00:00.000Z,4.8,0,236,5.9,,
2025-10-09T11:00:00.000Z,5.5,0,249,7.8,,
2025-10-09T12:00:00.000Z,7.6,0,249,8.1,,
2025-10-09T13:00:00.000Z,7.9,0,246,6.2,,
2025-10-09T14:00:00.000Z,7.9,0,213,2.2,,
2025-10-09T15:00:00.000Z,2.5,3.5,292,7.4,,
2025-10-09T16:00:00.000Z,3,2.2,318,3.7,,
2025-10-09T17:00:00.000Z,2.5,0,334,2.3,,
2025-10-09T18:00:00.000Z,2.2,0,301,3.5,,
2025-10-09T19:00:00.000Z,1.3,0,300,3.2,,
2025-10-09T20:00:00.000Z,2,0,272,4.8,,
2025-10-09T21:00:00.000Z,1.7,0,251,5.2,,
2025-10-09T22:00:00.000Z,1.5,0,256,5,,
2025-10-09T23:00:00.000Z,1.2,0,248,6,,
2025-10-10T00:00:00.000Z,0.8,0,239,4.6,,
2025-10-10T01:00:00.000Z,0.8,0,246,5.1,,
2025-10-10T02:00:00.000Z,1.1,0,272,6.6,,
2025-10-10T03:00:00.000Z,1.2,0,265,6.2,,
2025-10-10T04:00:00.000Z,1.7,0,279,6.2,,
2025-10-10T05:00:00.000Z,1.5,0,286,6.4,,
2025-10-10T06:00:00.000Z,2,0,278,7.7,,
2025-10-10T07:00:00.000Z,2.4,0,273,5.8,,
2025-10-10T08:00:00.000Z,2.2,0,255,6.5,,
2025-10-10T09:00:00.000Z,3.3,0,253,5.6,,
2025-10-10T10:00:00.000Z,3.2,0,240,4.7,,
2025-10-10T11:00:00.000Z,3.9,0,242,5.9,,
2025-10-10T12:00:00.000Z,3.3,0,199,5.2,,
2025-10-10T13:00:00.000Z,3.9,0,215,5.6,,
2025-10-10T14:00:00.000Z,5.1,0,235,6.6,,
2025-10-10T15:00:00.000Z,5,0,250,7.1,,
2025-10-10T16:00:00.000Z,5.5,0,260,8.2,,
2025-10-10T17:00:00.000Z,6.3,0,265,10.4,,
2025-10-10T18:00:00.000Z,6.2,0,268,12.5,,
2025-10-10T19:00:00.000Z,6.6,0,283,11.8,,
2025-10-10T20:00:00.000Z,6.7,0,286,15.1,,
2025-10-10T21:00:00.000Z,5.9,0,291,13.4,,
2025-10-10T22:00:00.000Z,5.3,0,298,16.1,,
2025-10-10T23:00:00.000Z,4.2,0,301,11.6,,
2025-10-11T00:00:00.000Z,4.2,0,303,10.9,,
2025-10-11T01:00:00.000Z,4,0,314,10.5,,
2025-10-11T02:00:00.000Z,3.3,0,310,7.6,,
2025-10-11T03:00:00.000Z,2.7,0,303,5.5,,
2025-10-11T04:00:00.000Z,2.5,0,290,4.5,,
2025-10-11T05:00:00.000Z,2.4,0.1,291,6,,
2025-10-11T06:00:00.000Z,2.2,0,302,7.4,,
2025-10-11T07:00:00.000Z,2.8,0,298,6.9,,
2025-10-11T08:00:00.000Z,3,0,295,6.6,,
2025-10-11T09:00:00.000Z,4,0,299,7.6,,
2025-10-11T10:00:00.000Z,4.2,0,303,9.8,,
2025-10-11T11:00:00.000Z,4.4,0,302,6.5,,
2025-10-11T12:00:00.000Z,4.6,0,293,6.3,,
2025-10-11T13:00:00.000Z,4.7,0,300,5.7,,
2025-10-11T14:00:00.000Z,4.3,0,274,5.9,,
2025-10-11T15:00:00.000Z,4,0,275,4.8,,
2025-10-11T16:00:00.000Z,2.8,0,253,4.9,,
2025-10-11T17:00:00.000Z,2.5,0.2,258,5.6,,
2025-10-11T18:00:00.000Z,2.6,0.1,276,5.8,,
2025-10-11T19:00:00.000Z,2.4,0.2,263,4.2,,
2025-10-11T20:00:00.000Z,2.6,0,295,3.6,,
2025-10-11T21:00:00.000Z,2.4,0.3,333,3.9,,
2025-10-11T22:00:00.000Z,1.8,0,348,4.7,,
2025-10-11T23:00:00.000Z,1.2,0,335,4.9,,
2025-10-12T00:00:00.000Z,1.3,0,317,5.7,,
2025-10-12T01:00:00.000Z,1.3,0,331,9.1,,
2025-10-12T02:00:00.000Z,0.8,0,330,9.7,,
2025-10-12T03:00:00.000Z,0.7,0,328,8.5,,
2025-10-12T04:00:00.000Z,1.1,0,334,8.6,,
2025-10-12T05:00:00.000Z,1.3,0,331,8.8,,
2025-10-12T06:00:00.000Z,1.6,0,330,9.4,,
2025-10-12T07:00:00.000Z,2.3,0,335,7.2,,
2025-10-12T08:00:00.000Z,3,0,329,8.7,,
2025-10-12T09:00:00.000Z,3.8,0,338,8.6,,
2025-10-12T10:00:00.000Z,4.3,0,330,8.1,,
2025-10-12T11:00:00.000Z,4.5,0,334,7.6,,
2025-10-12T12:00:00.000Z,5,0,343,7,,
2025-10-12T13:00:00.000Z,5.1,0,337,6.2,,
2025-10-12T14:00:00.000Z,4.6,0,334,6.8,,
2025-10-12T15:00:00.000Z,3.5,0,321,6,,
2025-10-12T16:00:00.000Z,2.2,0,332,3.6,,
2025-10-12T17:00:00.000Z,1.7,0,314,6.5,,
2025-10-12T18:00:00.000Z,1.3,0,315,6.3,,
2025-10-12T19:00:00.000Z,1.1,0,316,6.9,,
2025-10-12T20:00:00.000Z,1,0,323,6.5,,
2025-10-12T21:00:00.000Z,1.2,0,327,7.2,,
2025-10-12T22:00:00.000Z,1,0,328,6.9,,
2025-10-12T23:00:00.000Z,0.5,0,323,5.8,,
2025-10-13T00:00:00.000Z,0.8,0,321,6,,
2025-10-13T01:00:00.000Z,0.4,0,325,5.4,,
2025-10-13T02:00:00.000Z,0.6,0,319,6,,
2025-10-13T03:00:00.000Z,1.1,0,327,5.3,,
2025-10-13T04:00:00.000Z,1.2,0,318,4.5,,
2025-10-13T05:00:00.000Z,0.9,0,307,3.8,,
2025-10-13T06:00:00.000Z,1.3,0,322,3.1,,
2025-10-13T07:00:00.000Z,1.9,0,310,4,,
2025-10-13T08:00:00.000Z,2.5,0,339,2.7,,
2025-10-13T09:00:00.000Z,2.1,0.2,303,2.7,,
2025-10-13T10:00:00.000Z,1.2,1.5,287,1.1,,
2025-10-13T11:00:00.000Z,1.8,1,253,3,,
2025-10-13T12:00:00.000Z,2,0.3,244,3.8,,
2025-10-13T13:00:00.000Z,2.5,0,248,4.9,,
2025-10-13T14:00:00.000Z,3.3,0.1,264,4,,
2025-10-13T15:00:00.000Z,4.1,0.6,283,3.2,,
2025-10-13T16:00:00.000Z,4.6,0.6,294,3.5,,
2025-10-13T17:00:00.000Z,4.9,0.1,303,3.5,,
2025-10-13T18:00:00.000Z,5.1,0.3,308,4,,
2025-10-13T19:00:00.000Z,5.6,0.4,333,3.1,,
2025-10-13T20:00:00.000Z,5.4,0.6,356,2.5,,
2025-10-13T21:00:00.000Z,5.6,0.1,347,2.8,,
2025-10-13T22:00:00.000Z,5.5,0.4,347,2,,
2025-10-13T23:00:00.000Z,5.8,0.5,333,3,,
2025-10-14T00:00:00.000Z,5.9,1.1,338,3.3,,
2025-10-14T01:00:00.000Z,5.8,0.3,337,4,,
2025-10-14T02:00:00.000Z,5.9,0.2,335,4.3,,
2025-10-14T03:00:00.000Z,5.7,0.1,337,3.8,,
2025-10-14T04:00:00.000Z,5.9,0,332,3.6,,
2025-10-14T05:00:00.000Z,5.9,0.2,329,4.1,,
2025-10-14T06:00:00.000Z,5.9,0.1,333,4.1,,
2025-10-14T07:00:00.000Z,6.1,0.2,328,3.7,,
2025-10-14T08:00:00.000Z,6.6,0,325,4.6,,
2025-10-14T09:00:00.000Z,6.8,0.1,327,4.8,,
2025-10-14T10:00:00.000Z,7,0.1,341,4.6,,
2025-10-14T11:00:00.000Z,7.4,0,338,3.9,,
2025-10-14T12:00:00.000Z,7.3,0.1,335,3.3,,
2025-10-14T13:00:00.000Z,8.4,0,341,4.7,,
2025-10-14T14:00:00.000Z,7.3,0,331,5.6,,
2025-10-14T15:00:00.000Z,7,0,321,3.9,,
2025-10-14T16:00:00.000Z,7.1,0,329,5.8,,
2025-10-14T17:00:00.000Z,6.2,0,319,4.2,,
2025-10-14T18:00:00.000Z,6,0,320,5.6,,
2025-10-14T19:00:00.000Z,5.9,0,312,6.6,,
2025-10-14T20:00:00.000Z,6.7,0,325,5.3,,
2025-10-14T21:00:00.000Z,6.2,0,319,7.3,,
2025-10-14T22:00:00.000Z,5.7,0,310,4.9,,
2025-10-14T23:00:00.000Z,5.9,0,299,5.8,,
2025-10-15T00:00:00.000Z,5.5,0,282,5.2,,
2025-10-15T01:00:00.000Z,6,0,285,7.4,,
2025-10-15T02:00:00.000Z,5.3,0,273,4.9,,
2025-10-15T03:00:00.000Z,5.4,0,288,4.9,,
2025-10-15T04:00:00.000Z,5.9,0,318,3.9,,
2025-10-15T05:00:00.000Z,5.8,0,301,6.2,,
2025-10-15T06:00:00.000Z,5.8,0,302,5.5,,
2025-10-15T07:00:00.000Z,5.8,0,304,3.3,,
2025-10-15T08:00:00.000Z,6.1,0,308,3.9,,
2025-10-15T09:00:00.000Z,6.5,0,314,5.5,,
2025-10-15T10:00:00.000Z,7,0,309,6,,
2025-10-15T11:00:00.000Z,7.3,0,323,3.2,,
2025-10-15T12:00:00.000Z,7.7,0,311,6.6,,
2025-10-15T13:00:00.000Z,7.2,0,262,4.5,,
2025-10-15T14:00:00.000Z,6.9,0,295,6.4,,
2025-10-15T15:00:00.000Z,6.6,0,269,3.8,,
2025-10-15T16:00:00.000Z,6,0,289,8.5,,
2025-10-15T17:00:00.000Z,6,0,278,6.5,,
2025-10-15T18:00:00.000Z,6.1,0,277,10.4,,
2025-10-15T19:00:00.000Z,5.8,0,272,9.3,,
2025-10-15T20:00:00.000Z,5.6,0,268,9,,
2025-10-15T21:00:00.000Z,5.4,0,267,8.6,,
2025-10-15T22:00:00.000Z,6,0,277,8.4,,
2025-10-15T23:00:00.000Z,5.3,0,275,7.7,,
2025-10-16T00:00:00.000Z,5.5,0,291,8.1,,
2025-10-16T01:00:00.000Z,4.3,0,308,9.1,,
2025-10-16T02:00:00.000Z,3.5,0,306,8,,
2025-10-16T03:00:00.000Z,1.6,0,330,5.3,,
2025-10-16T04:00:00.000Z,1,0,303,7.7,,
2025-10-16T05:00:00.000Z,0.7,0,301,6.6,,
2025-10-16T06:00:00.000Z,0.1,0,303,5.5,,
2025-10-16T07:00:00.000Z,0.1,0,309,5,,
2025-10-16T08:00:00.000Z,0.4,0,304,5.8,,
2025-10-16T09:00:00.000Z,1.3,0,308,6.7,,
2025-10-16T10:00:00.000Z,1.5,0,286,6.7,,
2025-10-16T11:00:00.000Z,1.8,0,286,6.7,,
2025-10-16T12:00:00.000Z,1.1,0,289,5.6,,
2025-10-16T13:00:00.000Z,1.4,0,285,6.6,,
2025-10-16T14:00:00.000Z,1.4,0,289,8.3,,
2025-10-16T15:00:00.000Z,0.4,0,286,6.5,,
2025-10-16T16:00:00.000Z,-0.1,0,287,6.3,,
2025-10-16T17:00:00.000Z,-0.6,0,288,6.2,,
2025-10-16T18:00:00.000Z,-0.9,0,283,5.1,,
2025-10-16T19:00:00.000Z,-1.2,0,293,5.4,,
2025-10-16T20:00:00.000Z,-1.3,0,296,5.1,,
2025-10-16T21:00:00.000Z,-1.4,0,291,4.1,,
2025-10-16T22:00:00.000Z,-1.5,0,286,4.7,,
2025-10-16T23:00:00.000Z,-1.2,0,287,4.5,,
2025-10-17T00:00:00.000Z,-1.4,0,292,5.6,,
2025-10-17T01:00:00.000Z,-1.3,0,298,5,,
2025-10-17T02:00:00.000Z,-1.4,0,296,4.4,,
2025-10-17T03:00:00.000Z,-1.1,0,294,5.6,,
2025-10-17T04:00:00.000Z,-1.4,0,299,4.3,,
2025-10-17T05:00:00.000Z,-1.8,0,302,5.5,,
2025-10-17T06:00:00.000Z,-1.9,0,308,4.7,,
2025-10-17T07:00:00.000Z,-1.8,0,330,5.5,,
2025-10-17T08:00:00.000Z,-1.1,0,337,5.4,,
2025-10-17T09:00:00.000Z,-0.1,0,334,5.7,,
2025-10-17T10:00:00.000Z,0.1,0,341,5.2,,
2025-10-17T11:00:00.000Z,0.9,0,344,4.3,,
2025-10-17T12:00:00.000Z,0.9,0,347,4.6,,
2025-10-17T13:00:00.000Z,0.6,0,335,5.3,,
2025-10-17T14:00:00.000Z,0.5,0,345,5,,
2025-10-17T15:00:00.000Z,-0.5,0,335,3.8,,
2025-10-17T16:00:00.000Z,-1.1,0,329,5.1,,
2025-10-17T17:00:00.000Z,-1.4,0,323,4.1,,
2025-10-17T18:00:00.000Z,-1.7,0,311,4.8,,
2025-10-17T19:00:00.000Z,-1.5,0,326,5.4,,
2025-10-17T20:00:00.000Z,-1.7,0,312,4.5,,
2025-10-17T21:00:00.000Z,-1.5,0,299,3.9,,
2025-10-17T22:00:00.000Z,-1.8,0,293,3.9,,
2025-10-17T23:00:00.000Z,-2,0,290,4.1,,
2025-10-18T00:00:00.000Z,-1.9,0,288,5.4,,
2025-10-18T01:00:00.000Z,-2.1,0,277,5,,
2025-10-18T02:00:00.000Z,-2,0,276,5.2,,
2025-10-18T03:00:00.000Z,-2.3,0,272,5,,
2025-10-18T04:00:00.000Z,-2.2,0,265,5.3,,
2025-10-18T05:00:00.000Z,-2,0,265,5.6,,
2025-10-18T06:00:00.000Z,-2.1,0,263,5.2,,
2025-10-18T07:00:00.000Z,-1.5,0,267,6.2,,
2025-10-18T08:00:00.000Z,-0.1,0,269,6.6,,
2025-10-18T09:00:00.000Z,0.6,0,276,6.2,,
2025-10-18T10:00:00.000Z,1.3,0,270,5.7,,
2025-10-18T11:00:00.000Z,1.9,0,277,7.3,,
2025-10-18T12:00:00.000Z,2.2,0,276,4.5,,
2025-10-18T13:00:00.000Z,2.3,0,271,5,,
2025-10-18T14:00:00.000Z,2.4,0,267,4.8,,
2025-10-18T15:00:00.000Z,1.5,0,277,6.1,,
2025-10-18T16:00:00.000Z,0.8,0,274,6.2,,
2025-10-18T17:00:00.000Z,0.7,0,283,6.3,,
2025-10-18T18:00:00.000Z,0.4,0,274,5,,
2025-10-18T19:00:00.000Z,0.2,0,273,5.3,,
2025-10-18T20:00:00.000Z,0.4,0,271,6.6,,
2025-10-18T21:00:00.000Z,0.1,0,267,5.4,,
2025-10-18T22:00:00.000Z,0,0,268,5.6,,
2025-10-18T23:00:00.000Z,-0.1,0,261,5.8,,
2025-10-19T00:00:00.000Z,-0.1,0,256,6.6,,
2025-10-19T01:00:00.000Z,0.2,0,266,6.7,,
2025-10-19T02:00:00.000Z,0.1,0,254,5.1,,
2025-10-19T03:00:00.000Z,0.3,0,265,5.2,,
2025-10-19T04:00:00.000Z,0.7,0,273,5.3,,
2025-10-19T05:00:00.000Z,-0.1,0,269,5.6,,
2025-10-19T06:00:00.000Z,0.4,0,268,5.2,,
2025-10-19T07:00:00.000Z,1.5,0,265,5,,
2025-10-19T08:00:00.000Z,2.3,0,244,3.9,,
2025-10-19T09:00:00.000Z,4.4,0,273,7,,
2025-10-19T10:00:00.000Z,4.3,0,267,6.5,,
2025-10-19T11:00:00.000Z,5.7,0,267,5.6,,
2025-10-19T12:00:00.000Z,5.3,0,278,6.3,,
2025-10-19T13:00:00.000Z,5.1,0,282,5.7,,
2025-10-19T14:00:00.000Z,4.3,0,264,6.7,,
2025-10-19T15:00:00.000Z,3.6,0,208,2.2,,
2025-10-19T16:00:00.000Z,3,0,254,3.8,,
2025-10-19T17:00:00.000Z,2.6,0,262,3.9,,
2025-10-19T18:00:00.000Z,2.9,0,263,4.3,,
2025-10-19T19:00:00.000Z,2.5,0,269,4.3,,
2025-10-19T20:00:00.000Z,2.1,0,263,4.8,,
2025-10-19T21:00:00.000Z,1.8,0,254,4.9,,
2025-10-19T22:00:00.000Z,1.6,0,248,4.5,,
2025-10-19T23:00:00.000Z,2.2,0,252,4.1,,
2025-10-20T00:00:00.000Z,2,0,263,3.9,,
2025-10-20T01:00:00.000Z,2.6,0,260,2.9,,
2025-10-20T02:00:00.000Z,1.3,0,258,4.2,,
2025-10-20T03:00:00.000Z,0.9,0,260,5.4,,
2025-10-20T04:00:00.000Z,1.6,0,264,6.2,,
2025-10-20T05:00:00.000Z,0.1,0,263,6.1,,
2025-10-20T06:00:00.000Z,-0.4,0,258,5,,
2025-10-20T07:00:00.000Z,0.2,0,261,5.1,,
2025-10-20T08:00:00.000Z,0,0,266,5.2,,
2025-10-20T09:00:00.000Z,-0.2,0,251,6.9,,
2025-10-20T10:00:00.000Z,0.1,0,240,4.6,,
2025-10-20T11:00:00.000Z,0.4,0,234,3.4,,
2025-10-20T12:00:00.000Z,0.6,0,228,5.3,,
2025-10-20T13:00:00.000Z,0.7,0,234,5.2,,
2025-10-20T14:00:00.000Z,1.3,0,231,4.1,,
2025-10-20T15:00:00.000Z,1.2,0,223,4.7,,
2025-10-20T16:00:00.000Z,0.3,0,221,6.2,,
2025-10-20T17:00:00.000Z,1.2,0,228,5.1,,
2025-10-20T18:00:00.000Z,-0.3,0,214,8.5,,
2025-10-20T19:00:00.000Z,-1,0,221,7.5,,
2025-10-20T20:00:00.000Z,-0.5,0,223,6,,
2025-10-20T21:00:00.000Z,-0.4,0,222,5.1,,
2025-10-20T22:00:00.000Z,-0.1,0,192,3.7,,
2025-10-20T23:00:00.000Z,0.2,0,205,4,,
2025-10-21T00:00:00.000Z,0.4,0,225,6.2,,
2025-10-21T01:00:00.000Z,0.7,0,217,5.1,,
2025-10-21T02:00:00.000Z,1.7,0,224,6.6,,
2025-10-21T03:00:00.000Z,1,0,226,6.3,,
2025-10-21T04:00:00.000Z,0.9,0.1,226,5.4,,
2025-10-21T05:00:00.000Z,0,0,194,5,,
2025-10-21T06:00:00.000Z,-0.1,0,188,6,,
2025-10-25T07:00:00.000Z,3.1,2.2,86,4.2,,
2025-10-25T08:00:00.000Z,3.1,2.3,87,3.9,,
2025-10-25T09:00:00.000Z,3.3,1.4,81,3.8,,
2025-10-25T10:00:00.000Z,3.4,1,85,3.4,,
2025-10-25T11:00:00.000Z,3.8,0.6,85,3.3,,
2025-10-25T12:00:00.000Z,4.1,0.6,85,2.9,,
2025-10-25T13:00:00.000Z,4,0.4,80,2.9,,
2025-10-25T17:00:00.000Z,3.9,0.7,94,2.3,,
2025-10-25T18:00:00.000Z,3.9,0.8,72,2.2,,
2025-10-25T19:00:00.000Z,3.9,1,57,2,,
2025-10-25T20:00:00.000Z,3.8,1,40,1.9,,
2025-10-25T21:00:00.000Z,3.7,1.2,40,1.9,,
2025-10-25T22:00:00.000Z,3.5,1.4,39,2.2,,
2025-10-25T23:00:00.000Z,3.4,1.4,29,2.3,,
2025-10-26T00:00:00.000Z,3.2,1.7,25,2.3,,
2025-10-26T01:00:00.000Z,2.9,1.9,25,3,,
2025-10-26T02:00:00.000Z,2.6,2.2,12,3.6,,
2025-10-26T03:00:00.000Z,1.5,2,5,4.4,,
2025-10-26T04:00:00.000Z,0.7,1.6,353,4.2,,
2025-10-26T05:00:00.000Z,0.3,0.4,350,4.2,,
2025-10-26T06:00:00.000Z,0,0.1,345,4.1,,
2025-10-26T07:00:00.000Z,0.1,0.1,340,4,,
2025-10-26T08:00:00.000Z,0.5,0.2,345,2.9,,
2025-10-26T09:00:00.000Z,0.9,0.1,348,2.4,,
2025-10-26T10:00:00.000Z,1.5,0,282,1,,
2025-10-26T11:00:00.000Z,2,0,256,2,,
2025-10-26T12:00:00.000Z,1.9,0,244,3.6,,
2025-10-26T13:00:00.000Z,1.8,0,254,3,,
2025-10-26T14:00:00.000Z,1.8,0,259,2.8,,
2025-10-26T15:00:00.000Z,1.3,0,248,4.3,,
2025-10-26T16:00:00.000Z,1.9,0,255,3.8,,
2025-10-26T17:00:00.000Z,1.7,0,243,3.4,,
2025-10-26T18:00:00.000Z,1.3,0,238,2.6,,
2025-10-26T19:00:00.000Z,1.4,0,242,3.4,,
2025-10-26T20:00:00.000Z,1.7,0,261,3.9,,
2025-10-26T21:00:00.000Z,1.9,0,257,3.6,,
2025-10-26T22:00:00.000Z,1.8,0,269,3.2,,
2025-10-26T23:00:00.000Z,1.6,0,267,2.9,,
2025-10-27T00:00:00.000Z,1.8,0,264,2.9,,
2025-10-27T01:00:00.000Z,1.8,0,269,3.2,,
2025-10-27T02:00:00.000Z,1.5,0,271,2.8,,
2025-10-27T03:00:00.000Z,1.3,0,271,3,,
2025-10-27T04:00:00.000Z,1.9,0,258,2.5,,
2025-10-27T05:00:00.000Z,1.9,0,271,2.3,,
2025-10-27T06:00:00.000Z,2,0,277,2.2,,
2025-10-27T07:00:00.000Z,2,0,278,2.7,,
2025-10-27T08:00:00.000Z,2.3,0,290,1.5,,
2025-10-27T09:00:00.000Z,2.7,0,293,1.6,,
2025-10-27T10:00:00.000Z,3.1,0,306,2.1,,
2025-10-27T11:00:00.000Z,3.1,0,288,2.4,,
2025-10-27T12:00:00.000Z,2.7,0.4,318,2.7,,
2025-10-27T13:00:00.000Z,3.1,0.5,275,2.3,,
2025-10-27T14:00:00.000Z,3,0,272,2,,
2025-10-27T15:00:00.000Z,2.4,0,276,2.7,,
2025-10-27T16:00:00.000Z,2.6,0,259,2.3,,
2025-10-27T17:00:00.000Z,2.3,0,288,3.2,,
2025-10-27T18:00:00.000Z,2.4,0,281,3.3,,
2025-10-27T19:00:00.000Z,2.3,0,287,3.1,,
2025-10-27T20:00:00.000Z,2.2,0,270,3.7,,
2025-10-27T21:00:00.000Z,2.2,0,287,2.9,,
2025-10-27T22:00:00.000Z,2.1,0,294,3.2,,
2025-10-27T23:00:00.000Z,2,0,297,3.6,,
2025-10-28T00:00:00.000Z,1.8,0,299,2.8,,
2025-10-28T01:00:00.000Z,1.8,0,290,2.9,,
2025-10-28T02:00:00.000Z,1.7,0,300,3.5,,
2025-10-28T03:00:00.000Z,1.5,0,294,3.6,,
2025-10-28T04:00:00.000Z,1.4,0,289,3.5,,
2025-10-28T05:00:00.000Z,1.3,0,288,3.1,,
2025-10-28T06:00:00.000Z,1.2,0,285,3,,
2025-10-28T07:00:00.000Z,1.5,0,291,3.1,,
2025-10-28T08:00:00.000Z,1.4,0,283,3.7,,
2025-10-28T09:00:00.000Z,1.7,0,283,2.6,,
2025-10-28T10:00:00.000Z,2,0,291,2.4,,
2025-10-28T11:00:00.000Z,2.5,0,304,1.9,,
2025-10-28T12:00:00.000Z,2.8,0,343,1,,
2025-10-28T13:00:00.000Z,2.5,0,7,0.8,,
2025-10-28T14:00:00.000Z,1.8,0,18,1.2,,
2025-10-28T15:00:00.000Z,1.6,0,323,0.8,,
2025-10-28T16:00:00.000Z,1.1,0,339,1.3,,
2025-10-28T17:00:00.000Z,1,0,334,1.4,,
2025-10-28T18:00:00.000Z,0.8,0,59,1.5,,
2025-10-28T19:00:00.000Z,0.5,0,39,1.4,,
2025-10-28T20:00:00.000Z,0.5,0,0,0,,
2025-10-28T21:00:00.000Z,0.3,0,276,0.8,,
2025-10-28T22:00:00.000Z,0.3,0,257,1,,
2025-10-28T23:00:00.000Z,0.4,0,262,1.6,,
2025-10-29T00:00:00.000Z,0.3,0,268,1.5,,
2025-10-29T01:00:00.000Z,0.2,0,295,0.9,,
2025-10-29T02:00:00.000Z,0,0,289,1.1,,
2025-10-29T03:00:00.000Z,-0.9,0,72,1.1,,
2025-10-29T04:00:00.000Z,-1.2,0,356,1.3,,
2025-10-29T05:00:00.000Z,-1.2,0,258,1.9,,
2025-10-29T06:00:00.000Z,-1.3,0,229,2.2,,
2025-10-29T07:00:00.000Z,-0.9,0,208,1.7,,
2025-10-29T08:00:00.000Z,-0.2,0,199,1.7,,
2025-10-29T09:00:00.000Z,0,0,199,1.4,,
2025-10-29T10:00:00.000Z,0.2,0,194,0.9,,
2025-10-29T11:00:00.000Z,0.6,0,0,0,,
2025-10-29T12:00:00.000Z,0.8,0,194,0.8,,
2025-10-29T13:00:00.000Z,0.4,0,166,1.7,,
2025-10-29T14:00:00.000Z,0,0,204,1.5,,
2025-10-29T15:00:00.000Z,-0.4,0,199,2.3,,
2025-10-29T16:00:00.000Z,-1,0,200,3,,
2025-10-29T17:00:00.000Z,-1.3,0,212,2.3,,
2025-10-29T18:00:00.000Z,-1.9,0,211,1.5,,
2025-10-29T19:00:00.000Z,-1.7,0,209,3.2,,
2025-10-29T20:00:00.000Z,-2.2,0,223,3.1,,
2025-10-29T21:00:00.000Z,-2.4,0,239,2.8,,
2025-10-29T22:00:00.000Z,-2.8,0,242,2.6,,
2025-10-29T23:00:00.000Z,-2.8,0,216,2.8,,
2025-10-30T00:00:00.000Z,-2.8,0,245,2.1,,
2025-10-30T01:00:00.000Z,-2.8,0,207,1.9,,
2025-10-30T02:00:00.000Z,-2.7,0.1,199,1.8,,
2025-10-30T03:00:00.000Z,-2.8,0,173,1.1,,
2025-10-30T04:00:00.000Z,-2.4,0,156,1,,
2025-10-30T05:00:00.000Z,-2.3,0,125,0.8,,
2025-10-30T06:00:00.000Z,-2.1,0.1,129,1.2,,
2025-10-31T07:00:00.000Z,-1.9,0,357,3.4,,
2025-10-31T08:00:00.000Z,-1.7,0.1,358,2.8,,
2025-10-31T09:00:00.000Z,-1.5,0,354,2.5,,
2025-10-31T10:00:00.000Z,-1.4,0,349,2.2,,
2025-10-31T11:00:00.000Z,-1.3,0,5,2.6,,
2025-10-31T12:00:00.000Z,-1.6,0,7,2.8,,
2025-10-31T13:00:00.000Z,-1.5,0,357,1.7,,
2025-10-31T14:00:00.000Z,-1.5,0,325,0.9,,
2025-10-31T15:00:00.000Z,-1.5,0,21,0.6,,
2025-10-31T16:00:00.000Z,-1.5,0,114,1,,
2025-10-31T17:00:00.000Z,-1.5,0,138,1.5,,
2025-10-31T18:00:00.000Z,-1.6,0,118,1.4,,
2025-10-31T19:00:00.000Z,-1.6,0,188,2.2,,
2025-10-31T20:00:00.000Z,-1.7,0.1,174,2.2,,
2025-10-31T21:00:00.000Z,-2.1,0.1,184,2.5,,
2025-10-31T22:00:00.000Z,-2.3,0.1,184,2.7,,
2025-11-01T01:00:00.000Z,-2.8,0,190,4.7,,
2025-11-01T02:00:00.000Z,-3.1,0,193,6,,
2025-11-01T03:00:00.000Z,-3.2,0,203,4.8,,
2025-11-01T04:00:00.000Z,-3.2,0.1,197,5.1,,
2025-11-01T05:00:00.000Z,-3.6,0,196,5.4,,
2025-11-01T06:00:00.000Z,-3.4,0,194,6.3,,
2025-11-01T07:00:00.000Z,-3.2,0,197,6.2,,
2025-11-01T08:00:00.000Z,-2.4,0.2,183,5.2,,
2025-11-01T09:00:00.000Z,-2.3,0,190,5.8,,
2025-11-01T10:00:00.000Z,-2.1,0,188,6,,
2025-11-01T11:00:00.000Z,-1.8,0.2,190,5.7,,
2025-11-01T12:00:00.000Z,-1.7,0.1,186,5.1,,
2025-11-01T13:00:00.000Z,-1.4,0,171,5,,
2025-11-01T14:00:00.000Z,-1,0,172,4.4,,
2025-11-01T15:00:00.000Z,-0.9,0,146,3.1,,
2025-11-01T16:00:00.000Z,-0.8,0,165,4,,
2025-11-01T17:00:00.000Z,-0.5,0,168,4.9,,
2025-11-01T18:00:00.000Z,-0.3,0,164,6.2,,
2025-11-01T19:00:00.000Z,-0.2,0.1,158,4.9,,
2025-11-01T20:00:00.000Z,0,0,151,4.6,,
2025-11-01T21:00:00.000Z,0,0.1,152,4.4,,
2025-11-01T22:00:00.000Z,0,0,152,4.7,,
2025-11-01T23:00:00.000Z,0.8,0.6,144,5.6,,
2025-11-02T00:00:00.000Z,1.1,1.7,149,5.2,,
2025-11-02T01:00:00.000Z,1,2.5,155,5.4,,
2025-11-02T02:00:00.000Z,0.9,1.8,158,4.8,,
2025-11-02T03:00:00.000Z,1.5,1.6,162,5.3,,
2025-11-02T04:00:00.000Z,1.7,0.4,176,3.5,,
2025-11-02T05:00:00.000Z,2.2,0.1,201,4,,
2025-11-02T06:00:00.000Z,1.9,0,236,4.2,,
2025-11-02T07:00:00.000Z,2.4,0,224,5.6,,
2025-11-02T08:00:00.000Z,2.7,0,241,6.3,,
2025-11-02T09:00:00.000Z,3.2,0,254,6.2,,
2025-11-02T10:00:00.000Z,3.9,0,247,3.7,,
2025-11-02T11:00:00.000Z,4.2,0,235,4.2,,
2025-11-02T12:00:00.000Z,4,0,213,1.5,,
2025-11-02T13:00:00.000Z,3.7,0,206,3.3,,
2025-11-02T14:00:00.000Z,3.1,0,215,4.7,,
2025-11-02T15:00:00.000Z,2.8,0,222,4.1,,
2025-11-02T16:00:00.000Z,2.7,0,228,5.2,,
2025-11-02T17:00:00.000Z,2.4,0,229,2.9,,
2025-11-02T18:00:00.000Z,2.4,0,208,3,,
2025-11-02T19:00:00.000Z,2.3,0,154,1.8,,
2025-11-02T20:00:00.000Z,2.5,0,230,2.1,,
2025-11-02T21:00:00.000Z,1.4,0,200,2.9,,
2025-11-02T22:00:00.000Z,1.6,0,206,3.1,,
2025-11-02T23:00:00.000Z,1.5,0,247,6.6,,
2025-11-03T00:00:00.000Z,0.6,0,239,4.5,,
2025-11-03T01:00:00.000Z,0.6,0,237,4.7,,
2025-11-03T02:00:00.000Z,0.8,0,243,4.4,,
2025-11-03T03:00:00.000Z,0.8,0,232,5.2,,
2025-11-03T04:00:00.000Z,0.4,0,231,5.7,,
2025-11-03T05:00:00.000Z,-0.6,0,229,6,,
2025-11-03T06:00:00.000Z,-0.3,0,233,6.8,,
2025-11-03T07:00:00.000Z,-0.2,0,234,7.6,,
2025-11-03T08:00:00.000Z,0.5,0,228,7.9,,
2025-11-03T09:00:00.000Z,1.5,0,233,8.2,,
2025-11-03T10:00:00.000Z,1.8,0,234,8.4,,
2025-11-03T11:00:00.000Z,1.8,0,242,8.8,,
2025-11-03T12:00:00.000Z,2.2,0,242,8.1,,
2025-11-03T13:00:00.000Z,2.2,0,234,5.9,,
2025-11-03T14:00:00.000Z,1.9,0,229,4.8,,
2025-11-03T15:00:00.000Z,1.7,0,236,6,,
2025-11-03T16:00:00.000Z,1.5,0,234,6.6,,
2025-11-03T17:00:00.000Z,1.2,0,233,7,,
2025-11-03T18:00:00.000Z,1.1,0,235,8.2,,
2025-11-03T19:00:00.000Z,1.1,0,227,6.4,,
2025-11-03T20:00:00.000Z,1.1,0,225,6.2,,
2025-11-03T21:00:00.000Z,1,0,219,6.3,,
2025-11-03T22:00:00.000Z,1.3,0,218,5,,
2025-11-03T23:00:00.000Z,1.5,0,220,7.7,,
2025-11-04T00:00:00.000Z,1.9,0,211,7.5,,
2025-11-04T01:00:00.000Z,2.5,0,208,8.7,,
2025-11-04T02:00:00.000Z,2.9,0,218,8.1,,
2025-11-04T03:00:00.000Z,2.9,0,215,10.2,,
2025-11-04T04:00:00.000Z,3.2,0,216,8.6,,
2025-11-04T05:00:00.000Z,3.4,0,227,7.3,,
2025-11-04T06:00:00.000Z,3.6,0,223,7,,
2025-11-04T07:00:00.000Z,3.8,0.3,219,5.7,,
2025-11-04T08:00:00.000Z,4.1,0.3,179,4.4,,
2025-11-04T09:00:00.000Z,5,0,202,4.4,,
2025-11-04T10:00:00.000Z,5.7,0.3,227,4.6,,
2025-11-04T11:00:00.000Z,7,0.1,226,3.8,,
2025-11-04T12:00:00.000Z,7.1,0,240,5.5,,
2025-11-04T13:00:00.000Z,7,0.1,242,7.3,,
2025-11-04T14:00:00.000Z,7,0,245,7.5,,
2025-11-04T15:00:00.000Z,7.2,0,255,7.5,,
2025-11-04T16:00:00.000Z,7,0,256,7.2,,
2025-11-04T17:00:00.000Z,6.9,0,250,7.8,,
2025-11-04T18:00:00.000Z,6.6,0,251,8.5,,
2025-11-04T19:00:00.000Z,6.3,0,242,6.3,,
2025-11-04T20:00:00.000Z,6.4,0,234,5.6,,
2025-11-04T21:00:00.000Z,6.3,0,241,6.2,,
2025-11-04T22:00:00.000Z,6.1,0,246,5.8,,
2025-11-04T23:00:00.000Z,6,0,250,6.8,,
2025-11-05T00:00:00.000Z,6.1,0,250,8.7,,
2025-11-05T01:00:00.000Z,6,0,257,8.7,,
2025-11-05T02:00:00.000Z,5.8,0,253,6.4,,
2025-11-05T03:00:00.000Z,5.1,0,236,4.8,,
2025-11-05T04:00:00.000Z,4.9,0,224,5,,
2025-11-05T05:00:00.000Z,4.7,0,227,5,,
2025-11-05T06:00:00.000Z,4.8,0,251,6.5,,
2025-11-05T07:00:00.000Z,4.7,0,246,5.6,,
2025-11-05T08:00:00.000Z,4.9,0,240,6.7,,
2025-11-05T09:00:00.000Z,6.2,0,247,6.2,,
2025-11-05T10:00:00.000Z,6.2,0,244,7.1,,
2025-11-05T11:00:00.000Z,6.7,0,247,7.4,,
2025-11-05T12:00:00.000Z,7.2,0,245,6.7,,
2025-11-05T13:00:00.000Z,6.9,0,251,7.4,,
2025-11-05T14:00:00.000Z,6.5,0,249,7.6,,
2025-11-05T15:00:00.000Z,6.2,0,252,8,,
2025-11-05T16:00:00.000Z,5.8,0,243,6.2,,
2025-11-05T17:00:00.000Z,5.5,0,259,5.6,,
2025-11-05T18:00:00.000Z,5.1,0,286,3.1,,
2025-11-05T19:00:00.000Z,4.3,0,293,2.7,,
2025-11-05T20:00:00.000Z,3.8,0,300,2.9,,
2025-11-05T21:00:00.000Z,4,0,298,3.2,,
2025-11-05T22:00:00.000Z,3.5,0,255,4.4,,
2025-11-05T23:00:00.000Z,3.8,0,273,5,,
2025-11-06T00:00:00.000Z,3.9,0,284,4.9,,
2025-11-06T01:00:00.000Z,3.7,0,276,5.1,,
2025-11-06T02:00:00.000Z,4,0,277,6,,
2025-11-06T03:00:00.000Z,4.2,0,277,5.5,,
2025-11-06T04:00:00.000Z,4.7,0,283,3.9,,
2025-11-06T05:00:00.000Z,3.8,0,262,3.1,,
2025-11-06T06:00:00.000Z,3.1,0,250,4.2,,
2025-11-06T07:00:00.000Z,4.7,0,272,3.4,,
2025-11-06T08:00:00.000Z,4.3,0,268,3.4,,
2025-11-06T09:00:00.000Z,4.2,0,269,2.6,,
2025-11-06T10:00:00.000Z,6,0,265,2.2,,
2025-11-06T11:00:00.000Z,5.9,0,16,0.7,,
2025-11-06T12:00:00.000Z,4.9,0,242,2.2,,
2025-11-06T13:00:00.000Z,5.2,0,239,1.3,,
2025-11-06T14:00:00.000Z,5.2,0,243,1.8,,
2025-11-06T15:00:00.000Z,4.4,0,284,1.4,,
2025-11-06T16:00:00.000Z,2.4,0,351,2,,
2025-11-06T17:00:00.000Z,2.2,0,349,1.5,,
2025-11-06T18:00:00.000Z,2.3,0,146,1.5,,
2025-11-06T19:00:00.000Z,2.1,0,195,2,,
2025-11-06T20:00:00.000Z,2.7,0,214,1.3,,
2025-11-06T21:00:00.000Z,2.2,0,153,1.9,,
2025-11-06T22:00:00.000Z,2.5,0,133,1.2,,
2025-11-06T23:00:00.000Z,2.9,0,155,1.7,,
2025-11-07T00:00:00.000Z,2.9,0,158,1.9,,
2025-11-07T01:00:00.000Z,2.3,0,186,2.5,,
2025-11-07T02:00:00.000Z,2.8,0,179,2.1,,
2025-11-07T03:00:00.000Z,3,0,175,1.5,,
2025-11-07T04:00:00.000Z,3.8,0,213,1.9,,
2025-11-07T05:00:00.000Z,4.9,0,234,2.1,,
2025-11-07T06:00:00.000Z,5,0,228,2.2,,
2025-11-07T07:00:00.000Z,4.9,0,214,1.4,,
2025-11-07T08:00:00.000Z,5.3,0,197,1.2,,
2025-11-07T09:00:00.000Z,5.1,0,193,1.5,,
2025-11-07T10:00:00.000Z,6.2,0,250,0.9,,
2025-11-07T11:00:00.000Z,6.4,0,224,1,,
2025-11-07T12:00:00.000Z,6,0,173,1.2,,
2025-11-07T14:00:00.000Z,2.6,0,0,0,,
2025-11-07T15:00:00.000Z,2.2,0,0,0,,
2025-11-07T16:00:00.000Z,1.9,0,347,0.9,,
2025-11-07T17:00:00.000Z,1.6,0,352,1.7,,
2025-11-07T18:00:00.000Z,1.6,0,22,1.2,,
2025-11-07T19:00:00.000Z,1.4,0,7,1.6,,
2025-11-07T20:00:00.000Z,1.6,0,0,0,,
2025-11-07T21:00:00.000Z,1.5,0,9,0.7,,
2025-11-07T22:00:00.000Z,1.8,0,86,1,,
2025-11-07T23:00:00.000Z,1.7,0,192,1.5,,
2025-11-08T00:00:00.000Z,1.8,0,165,1.2,,
2025-11-08T01:00:00.000Z,1.8,0,178,0.7,,
2025-11-08T02:00:00.000Z,1.8,0,193,1,,
2025-11-08T03:00:00.000Z,1.7,0,190,2.3,,
2025-11-08T04:00:00.000Z,1.8,0,200,4.1,,
2025-11-08T05:00:00.000Z,2.1,0,201,3.9,,
2025-11-08T06:00:00.000Z,2.3,0,197,4,,
2025-11-08T07:00:00.000Z,2.5,0,214,2.8,,
2025-11-08T08:00:00.000Z,2.5,0,249,3.5,,
2025-11-08T09:00:00.000Z,2.7,0,238,3,,
2025-11-08T10:00:00.000Z,3.2,0,265,3,,
2025-11-08T11:00:00.000Z,3.9,0,267,2.2,,
2025-11-08T12:00:00.000Z,5.2,0,323,2,,
2025-11-08T13:00:00.000Z,5.7,0,356,1.6,,
2025-11-08T14:00:00.000Z,4.4,0,342,2.1,,
2025-11-08T15:00:00.000Z,3.7,0,304,2.4,,
2025-11-08T16:00:00.000Z,4,0,307,2.8,,
2025-11-08T17:00:00.000Z,5,0,310,2.2,,
2025-11-08T18:00:00.000Z,5.3,0,307,1.8,,
2025-11-08T19:00:00.000Z,5.4,0,288,2.1,,
2025-11-08T20:00:00.000Z,4.1,0,281,2.6,,
2025-11-08T21:00:00.000Z,4.2,0,269,3.2,,
2025-11-08T22:00:00.000Z,4.2,0,248,2.6,,
2025-11-08T23:00:00.000Z,3.7,0,255,5,,
2025-11-09T00:00:00.000Z,3.8,0,266,5.7,,
2025-11-09T01:00:00.000Z,4.3,0,272,5.4,,
2025-11-09T02:00:00.000Z,4.5,0,265,4.9,,
2025-11-09T03:00:00.000Z,4.6,0,262,3.4,,
2025-11-09T04:00:00.000Z,4.1,0,291,1.8,,
2025-11-09T05:00:00.000Z,4.2,0,296,3.3,,
2025-11-09T06:00:00.000Z,4.7,0,289,4.2,,
2025-11-09T07:00:00.000Z,4.7,0,299,4.8,,
2025-11-09T08:00:00.000Z,5.3,0,300,4.4,,
2025-11-09T09:00:00.000Z,5.4,0,326,2.3,,
2025-11-09T10:00:00.000Z,3.7,0,2,3.2,,
2025-11-09T11:00:00.000Z,3.6,0,2,3,,
2025-11-09T12:00:00.000Z,3,0,16,1.4,,
2025-11-09T13:00:00.000Z,2.1,0,360,2.4,,
2025-11-09T14:00:00.000Z,1.6,0,16,1.9,,
2025-11-09T15:00:00.000Z,1.3,0,6,2.4,,
2025-11-09T16:00:00.000Z,1.2,0,27,1.9,,
2025-11-09T17:00:00.000Z,0.1,0,16,1.6,,
2025-11-09T18:00:00.000Z,-0.5,0,12,1.5,,
2025-11-09T19:00:00.000Z,-0.7,0,18,1.1,,
2025-11-09T20:00:00.000Z,-0.7,0,91,1.1,,
2025-11-09T22:00:00.000Z,-0.7,0,120,1.8,,
2025-11-09T23:00:00.000Z,-0.9,0.2,129,2,,
2025-11-10T00:00:00.000Z,-0.9,0.2,148,2.4,,
2025-11-10T01:00:00.000Z,-0.9,0.2,170,2.3,,
2025-11-10T02:00:00.000Z,-0.8,0.5,182,2.9,,
2025-11-10T03:00:00.000Z,-0.5,0,184,3.2,,
2025-11-10T04:00:00.000Z,-0.1,0,192,2.8,,
2025-11-10T05:00:00.000Z,0,0,211,3.3,,
2025-11-10T06:00:00.000Z,0,0,203,3,,
2025-11-10T07:00:00.000Z,0.1,0,224,2.4,,
2025-11-10T08:00:00.000Z,1.4,0,251,3.5,,
2025-11-10T09:00:00.000Z,2,0,246,2.7,,
2025-11-10T10:00:00.000Z,2.5,0.1,250,4.7,,
2025-11-10T11:00:00.000Z,2.7,0.2,248,3,,
2025-11-10T12:00:00.000Z,3,0,255,3.1,,
2025-11-10T13:00:00.000Z,2.7,0.1,240,2.4,,
2025-11-10T14:00:00.000Z,2.5,0,225,2.2,,
2025-11-10T15:00:00.000Z,2.5,0,247,2.7,,
2025-11-10T16:00:00.000Z,1.5,0,224,1.8,,
2025-11-10T17:00:00.000Z,1.4,0,218,3.3,,
2025-11-10T18:00:00.000Z,1.8,0,236,3.3,,
2025-11-10T19:00:00.000Z,1.7,0.1,227,3,,
2025-11-10T20:00:00.000Z,1.6,0,238,1.5,,
2025-11-10T21:00:00.000Z,1.2,0,232,2.3,,
2025-11-10T22:00:00.000Z,1.4,0,270,2.3,,
2025-11-10T23:00:00.000Z,1.2,0,255,2.5,,
2025-11-11T00:00:00.000Z,1,0,253,3.8,,
2025-11-11T01:00:00.000Z,1.1,0,261,4,,
2025-11-11T02:00:00.000Z,0.9,0,242,4,,
2025-11-11T03:00:00.000Z,0.4,0,245,3.7,,
2025-11-11T04:00:00.000Z,0.4,0,252,4.9,,
2025-11-11T05:00:00.000Z,0.2,0,241,4.1,,
2025-11-11T06:00:00.000Z,0.2,0,220,3.7,,
2025-11-11T07:00:00.000Z,0.5,0,238,3.2,,
2025-11-11T08:00:00.000Z,0.5,0,213,3.3,,
2025-11-11T09:00:00.000Z,0.9,0,240,4.3,,
2025-11-11T10:00:00.000Z,1.2,0,245,5.5,,
2025-11-11T11:00:00.000Z,1.4,0,235,4.8,,
2025-11-11T12:00:00.000Z,2,0,234,4.5,,
2025-11-11T13:00:00.000Z,2.1,0,227,5.3,,
2025-11-11T14:00:00.000Z,2.3,0,243,5.4,,
2025-11-11T15:00:00.000Z,2.1,0,216,4.1,,
2025-11-11T16:00:00.000Z,2.2,0,221,4.4,,
2025-11-11T17:00:00.000Z,2.5,0,217,4.9,,
2025-11-11T18:00:00.000Z,2.2,0,190,2.9,,
2025-11-11T19:00:00.000Z,2.6,0,229,6.5,,
2025-11-11T20:00:00.000Z,2.8,0,228,8.7,,
2025-11-11T21:00:00.000Z,3,0,235,11.3,,
2025-11-11T22:00:00.000Z,3.1,0,231,7.6,,
2025-11-11T23:00:00.000Z,2.7,0,221,6.1,,
2025-11-12T00:00:00.000Z,3,0,214,7,,
2025-11-12T01:00:00.000Z,2.9,0,222,6.2,,
2025-11-12T02:00:00.000Z,3,0,223,6.8,,
2025-11-12T03:00:00.000Z,3.1,0,226,6.4,,
2025-11-12T04:00:00.000Z,2.8,0,222,6.2,,
2025-11-12T05:00:00.000Z,2.7,0,212,5.6,,
2025-11-12T06:00:00.000Z,2.2,0.1,205,5.8,,
2025-11-12T07:00:00.000Z,2.4,0.8,200,5.1,,
2025-11-12T08:00:00.000Z,2.4,0.6,195,5.1,,
2025-11-12T09:00:00.000Z,2.7,1.2,186,4.5,,
2025-11-12T10:00:00.000Z,3.4,0.4,186,5.6,,
2025-11-12T11:00:00.000Z,4.3,0.2,196,6.8,,
2025-11-12T12:00:00.000Z,4.6,0.2,191,5.9,,
2025-11-12T13:00:00.000Z,4.8,0.3,182,4.9,,
2025-11-12T14:00:00.000Z,4.8,0.6,195,6.6,,
2025-11-12T15:00:00.000Z,5,1.4,208,5.8,,
2025-11-12T16:00:00.000Z,5.5,0,223,6,,
2025-11-12T17:00:00.000Z,5.8,0,219,6.5,,
2025-11-12T18:00:00.000Z,5.7,0,223,6.6,,
2025-11-12T19:00:00.000Z,5.4,0,229,5.5,,
2025-11-12T20:00:00.000Z,5.6,0,227,4.6,,
2025-11-12T21:00:00.000Z,5.5,0,236,6.5,,
2025-11-12T22:00:00.000Z,5.4,0,253,9,,
2025-11-12T23:00:00.000Z,5.1,0,250,6.4,,
2025-11-13T00:00:00.000Z,2.2,0.3,317,4.8,,
2025-11-13T01:00:00.000Z,1.2,0,341,3.1,,
2025-11-13T02:00:00.000Z,-0.2,0,325,5.6,,
2025-11-13T03:00:00.000Z,-1.2,0,334,6.4,,
2025-11-13T04:00:00.000Z,-2,0.1,333,5.1,,
2025-11-13T05:00:00.000Z,-2.3,0.5,326,5.4,,
2025-11-13T06:00:00.000Z,-2.5,0.1,318,7,,
2025-11-13T07:00:00.000Z,-2.5,0,316,8,,
2025-11-13T08:00:00.000Z,-2.8,0,316,8.5,,
2025-11-13T09:00:00.000Z,-2.8,0,313,8.4,,
2025-11-13T10:00:00.000Z,-2.6,0,322,7.6,,
2025-11-13T11:00:00.000Z,-2.4,0,313,7.2,,
2025-11-13T12:00:00.000Z,-2.3,0,308,8.3,,
2025-11-13T13:00:00.000Z,-2.6,0,315,7.1,,
2025-11-13T14:00:00.000Z,-3.2,0,309,7.9,,
2025-11-13T15:00:00.000Z,-3.7,0,311,7.8,,
2025-11-13T16:00:00.000Z,-4.1,0,304,5.2,,
2025-11-13T17:00:00.000Z,-4,0,310,7.2,,
2025-11-13T18:00:00.000Z,-4.7,0,293,4.7,,
2025-11-13T19:00:00.000Z,-4.9,0,291,5.5,,
2025-11-13T20:00:00.000Z,-4.4,0,300,6.4,,
2025-11-13T21:00:00.000Z,-4.7,0,287,7.4,,
2025-11-13T22:00:00.000Z,-4.7,0,289,7,,
2025-11-13T23:00:00.000Z,-4.7,0,291,6.7,,
2025-11-14T00:00:00.000Z,-4.9,0,289,6.7,,
2025-11-14T01:00:00.000Z,-5.2,0,290,5.1,,
2025-11-14T02:00:00.000Z,-4.9,0,299,4.6,,
2025-11-14T03:00:00.000Z,-4.8,0,275,6,,
2025-11-14T04:00:00.000Z,-5.8,0,280,7.2,,
2025-11-14T05:00:00.000Z,-6.2,0,275,6.9,,
2025-11-14T06:00:00.000Z,-6.4,0,267,8,,
2025-11-14T07:00:00.000Z,-6.2,0,271,9.2,,
2025-11-14T08:00:00.000Z,-5.7,0,282,8.6,,
2025-11-14T09:00:00.000Z,-5.1,0,286,5.4,,
2025-11-14T10:00:00.000Z,-3.8,0,311,7.7,,
2025-11-14T11:00:00.000Z,-3.7,0,328,6.7,,
2025-11-14T12:00:00.000Z,-4.1,0,323,6.9,,
2025-11-14T13:00:00.000Z,-4.3,0,317,6.3,,
2025-11-14T14:00:00.000Z,-4.1,0,324,7,,
2025-11-14T15:00:00.000Z,-4.7,0,332,6.4,,
2025-11-14T16:00:00.000Z,-5.4,0,320,7.5,,
2025-11-14T17:00:00.000Z,-6,0,316,6.1,,
2025-11-14T18:00:00.000Z,-5.8,0,314,7.7,,
2025-11-14T19:00:00.000Z,-6.2,0,316,6.6,,
2025-11-14T20:00:00.000Z,-6.1,0,312,7,,
2025-11-14T21:00:00.000Z,-6.3,0,304,5.9,,
2025-11-14T22:00:00.000Z,-6.3,0,287,5.4,,
2025-11-14T23:00:00.000Z,-6.6,0,288,6,,
2025-11-15T00:00:00.000Z,-6.4,0,286,5.5,,
2025-11-15T01:00:00.000Z,-5.8,0,283,6.1,,
2025-11-15T02:00:00.000Z,-5.4,0,286,6.2,,
2025-11-15T03:00:00.000Z,-5.2,0,270,6.6,,
2025-11-15T04:00:00.000Z,-4.5,0,288,7.9,,
2025-11-15T05:00:00.000Z,-4.3,0,287,10.1,,
2025-11-15T06:00:00.000Z,-4.4,0,270,9.3,,
2025-11-15T07:00:00.000Z,-4.2,0,268,9.5,,
2025-11-15T08:00:00.000Z,-4.2,0,264,8.8,,
2025-11-15T09:00:00.000Z,-3.7,0,257,8.7,,
2025-11-15T10:00:00.000Z,-3.8,0,253,7.3,,
2025-11-15T11:00:00.000Z,-3.3,0,256,8.2,,
2025-11-15T12:00:00.000Z,-3.4,0,245,8.1,,
2025-11-15T13:00:00.000Z,-3.2,0,249,6.9,,
2025-11-15T14:00:00.000Z,-3.6,0,239,6.8,,
2025-11-15T15:00:00.000Z,-3.5,0,249,9.3,,
2025-11-15T16:00:00.000Z,-3.7,0,249,9.5,,
2025-11-15T17:00:00.000Z,-3.1,0,256,12,,
2025-11-15T18:00:00.000Z,-2.6,0,247,9.1,,
2025-11-15T19:00:00.000Z,-2.6,0,241,7,,
2025-11-15T20:00:00.000Z,-2.5,0,253,8.3,,
2025-11-15T21:00:00.000Z,-2.5,0,240,6.8,,
2025-11-15T22:00:00.000Z,-2.6,0,250,6.6,,
2025-11-15T23:00:00.000Z,-2,0,259,8.1,,
2025-11-16T00:00:00.000Z,-1.6,0.2,275,8,,
2025-11-16T01:00:00.000Z,-1.7,0.1,272,6.8,,
2025-11-16T02:00:00.000Z,-1.9,0,269,6.6,,
2025-11-16T03:00:00.000Z,-1.8,0,263,7.2,,
2025-11-16T04:00:00.000Z,-2,0.1,263,7.2,,
2025-11-16T05:00:00.000Z,-2,0,269,8.2,,
2025-11-16T06:00:00.000Z,-1.9,0,261,6.2,,
2025-11-16T07:00:00.000Z,-2.4,0,276,6.1,,
2025-11-16T08:00:00.000Z,-2.7,0,276,7,,
2025-11-16T09:00:00.000Z,-2.8,0,274,7.9,,
2025-11-16T10:00:00.000Z,-2.4,0,289,7.4,,
2025-11-16T11:00:00.000Z,-1.9,0,302,6.4,,
2025-11-16T12:00:00.000Z,-2.6,0,283,5,,
2025-11-16T13:00:00.000Z,-3.2,0,293,6.4,,
2025-11-16T14:00:00.000Z,-4.2,0,281,5.8,,
2025-11-16T15:00:00.000Z,-4.6,0,285,6.6,,
2025-11-16T16:00:00.000Z,-5.2,0,290,4.6,,
2025-11-16T17:00:00.000Z,-5.3,0,284,6.3,,
2025-11-16T18:00:00.000Z,-5.6,0,291,6.2,,
2025-11-16T19:00:00.000Z,-5.6,0,298,6.2,,
2025-11-16T20:00:00.000Z,-5.2,0,333,6.1,,
2025-11-16T21:00:00.000Z,-5.7,0,316,5.8,,
2025-11-16T22:00:00.000Z,-5.8,0,314,6.2,,
2025-11-16T23:00:00.000Z,-5.4,0,309,5.3,,
2025-11-17T00:00:00.000Z,-6.6,0,306,5,,
2025-11-17T01:00:00.000Z,-7.5,0,298,4,,
2025-11-17T02:00:00.000Z,-7,0,293,3.9,,
2025-11-17T03:00:00.000Z,-6.2,0,298,3.7,,
2025-11-17T04:00:00.000Z,-5.5,0,321,3.4,,
2025-11-17T05:00:00.000Z,-5.6,0.3,342,3,,
2025-11-17T06:00:00.000Z,-5.2,0.2,344,3.1,,
2025-11-17T07:00:00.000Z,-5.6,0.4,343,4.5,,
2025-11-17T08:00:00.000Z,-6,0,345,3.1,,
2025-11-17T09:00:00.000Z,-5.9,0,344,3.6,,
2025-11-17T10:00:00.000Z,-5.7,0,346,2.8,,
2025-11-17T11:00:00.000Z,-5.5,0,344,2.3,,
2025-11-17T12:00:00.000Z,-5.9,0,332,2.2,,
2025-11-17T13:00:00.000Z,-6.5,0,314,4,,
2025-11-17T14:00:00.000Z,-6.8,0,318,4.6,,
2025-11-17T15:00:00.000Z,-6.8,0,315,4.9,,
2025-11-17T16:00:00.000Z,-6.2,0,314,5.4,,
2025-11-17T17:00:00.000Z,-5.8,0,319,5.1,,
2025-11-17T18:00:00.000Z,-5.9,0,326,4.7,,
2025-11-17T19:00:00.000Z,-5.3,0,334,3.7,,
2025-11-17T20:00:00.000Z,-5.4,0,334,3.9,,
2025-11-17T21:00:00.000Z,-4.7,0,314,4.4,,
2025-11-17T22:00:00.000Z,-5.2,0,334,3.2,,
2025-11-17T23:00:00.000Z,-4.8,0,329,4.7,,
2025-11-18T00:00:00.000Z,-4.5,0,325,4.2,,
2025-11-18T01:00:00.000Z,-4.4,0,326,4,,
2025-11-18T02:00:00.000Z,-4.2,0,330,4.2,,
2025-11-18T03:00:00.000Z,-4.8,0,333,3.1,,
2025-11-18T04:00:00.000Z,-5.3,0,329,3.4,,
2025-11-18T05:00:00.000Z,-5.5,0,326,2.5,,
2025-11-18T06:00:00.000Z,-5.8,0,332,2.8,,
2025-11-19T07:00:00.000Z,-8.4,0,247,1.9,,
2025-11-19T08:00:00.000Z,-8,0,255,1.7,,
2025-11-19T09:00:00.000Z,-7.9,0,236,1.8,,
2025-11-19T10:00:00.000Z,-7.4,0,218,1.1,,
2025-11-19T11:00:00.000Z,-7.4,0,237,1.1,,
2025-11-19T12:00:00.000Z,-7.3,0,233,1.3,,
2025-11-19T13:00:00.000Z,-7.8,0,263,1.5,,
2025-11-19T14:00:00.000Z,-8.9,0,279,1.7,,
2025-11-19T15:00:00.000Z,-9.2,0,296,2.1,,
2025-11-19T16:00:00.000Z,-9.3,0,347,1.6,,
2025-11-19T17:00:00.000Z,-9.6,0,353,0.8,,
2025-11-19T18:00:00.000Z,-9.3,0,287,1.1,,
2025-11-19T19:00:00.000Z,-9.6,0,345,2.4,,
2025-11-19T20:00:00.000Z,-10,0,346,2.9,,
2025-11-19T21:00:00.000Z,-9.4,0,346,3,,
2025-11-19T22:00:00.000Z,-9.5,0,360,2.7,,
2025-11-19T23:00:00.000Z,-9.3,0,348,3.4,,
2025-11-20T00:00:00.000Z,-8.1,0,348,4.4,,
2025-11-20T01:00:00.000Z,-8.5,0,348,2.8,,
2025-11-20T02:00:00.000Z,-8.7,0,2,2.6,,
2025-11-20T03:00:00.000Z,-9.1,0,342,3.1,,
2025-11-20T04:00:00.000Z,-8.8,0,7,3.3,,
2025-11-20T05:00:00.000Z,-8.8,0,356,4.4,,
2025-11-20T06:00:00.000Z,-9,0,357,5.1,,
2025-11-20T07:00:00.000Z,-9,0,354,3.3,,
2025-11-20T08:00:00.000Z,-9,0,358,4,,
2025-11-20T09:00:00.000Z,-9.2,0,360,4.2,,
2025-11-20T10:00:00.000Z,-9,0,358,4.1,,
2025-11-20T11:00:00.000Z,-9,0,359,3.8,,
2025-11-20T12:00:00.000Z,-9.1,0,359,4.6,,
2025-11-20T13:00:00.000Z,-9,0,7,3.9,,
2025-11-20T14:00:00.000Z,-9.2,0,2,2.8,,
2025-11-20T15:00:00.000Z,-9.5,0,356,3.3,,
2025-11-20T16:00:00.000Z,-9.8,0,354,3.5,,
2025-11-20T17:00:00.000Z,-9.7,0,356,3,,
2025-11-20T18:00:00.000Z,-9.6,0,349,3,,
2025-11-20T19:00:00.000Z,-9.9,0,338,3.1,,
2025-11-20T20:00:00.000Z,-10,0,337,2.7,,
2025-11-20T21:00:00.000Z,-10,0,341,3.1,,
2025-11-20T22:00:00.000Z,-10,0,345,2.7,,
2025-11-20T23:00:00.000Z,-10.8,0,328,2.6,,
2025-11-21T00:00:00.000Z,-10.7,0,339,2.8,,
2025-11-21T01:00:00.000Z,-11,0,341,2.7,,
2025-11-21T02:00:00.000Z,-10.4,0,322,2.7,,
2025-11-21T03:00:00.000Z,-10.2,0,322,2.3,,
2025-11-21T04:00:00.000Z,-10.4,0,318,2.4,,
2025-11-21T05:00:00.000Z,-10.1,0,322,2.7,,
2025-11-21T06:00:00.000Z,-10.7,0,288,3.2,,
2025-11-21T07:00:00.000Z,-10.4,0,292,3.2,,
2025-11-21T08:00:00.000Z,-9.3,0,304,4.5,,
2025-11-21T09:00:00.000Z,-7.6,0,319,3.4,,
2025-11-21T10:00:00.000Z,-7.4,0,286,3.7,,
2025-11-21T11:00:00.000Z,-7.1,0,286,4.2,,
2025-11-21T12:00:00.000Z,-7,0,273,3.6,,
2025-11-21T13:00:00.000Z,-6.8,0,267,3.8,,
2025-11-21T14:00:00.000Z,-6.7,0,267,5,,
2025-11-21T15:00:00.000Z,-6.1,0,275,4.6,,
2025-11-21T16:00:00.000Z,-6.3,0,259,5,,
2025-11-21T17:00:00.000Z,-6.2,0,257,5.7,,
2025-11-21T18:00:00.000Z,-6.3,0,253,5.6,,
2025-11-21T19:00:00.000Z,-6.6,0,257,6.2,,
2025-11-21T20:00:00.000Z,-6.6,0,262,5.3,,
2025-11-21T21:00:00.000Z,-6.9,0,257,5.8,,
2025-11-21T22:00:00.000Z,-6.8,0,248,4.7,,
2025-11-21T23:00:00.000Z,-6.8,0,245,6.4,,
2025-11-22T00:00:00.000Z,-6.1,0,256,8.4,,
2025-11-22T01:00:00.000Z,-5.9,0,255,8.4,,
2025-11-22T02:00:00.000Z,-6.2,0,248,7.4,,
2025-11-22T03:00:00.000Z,-6.1,0,243,6.7,,
2025-11-22T04:00:00.000Z,-5.8,0,243,7.6,,
2025-11-22T05:00:00.000Z,-5.6,0,234,6.8,,
2025-11-22T06:00:00.000Z,-5.6,0,241,7.3,,
2025-11-22T07:00:00.000Z,-4.8,0,255,12.4,,
2025-11-22T08:00:00.000Z,-4.3,0,255,10.7,,
2025-11-22T09:00:00.000Z,-3.9,0,255,9.4,,
2025-11-22T10:00:00.000Z,-3.4,0,252,10.2,,
2025-11-22T11:00:00.000Z,-3.2,0,252,11,,
2025-11-22T12:00:00.000Z,-2.4,0.1,251,10.7,,
2025-11-22T13:00:00.000Z,-2.3,0,251,9.9,,
2025-11-22T14:00:00.000Z,-2.1,0,256,9.9,,
2025-11-22T15:00:00.000Z,-2.1,0,251,9.7,,
2025-11-22T16:00:00.000Z,-2.2,0,250,9.5,,
2025-11-22T17:00:00.000Z,-2.2,0,250,8,,
2025-11-22T18:00:00.000Z,-2.5,0,253,7.3,,
2025-11-22T19:00:00.000Z,-2.2,0,249,6.7,,
2025-11-22T20:00:00.000Z,-2.1,0,248,6.6,,
2025-11-22T21:00:00.000Z,-2.2,0,241,6,,
2025-11-22T22:00:00.000Z,-1.6,0,251,6.6,,
2025-11-22T23:00:00.000Z,-1.6,0,252,7.6,,
2025-11-23T00:00:00.000Z,-1.5,0,257,6.9,,
2025-11-23T01:00:00.000Z,-1.7,0,255,6.4,,
2025-11-23T02:00:00.000Z,-1.8,0,238,4.8,,
2025-11-23T03:00:00.000Z,-2,0,248,4.9,,
2025-11-23T04:00:00.000Z,-2.4,0,273,5.2,,
2025-11-23T05:00:00.000Z,-2.6,0,248,5.6,,
2025-11-23T06:00:00.000Z,-2.9,0,250,4.9,,
2025-11-23T07:00:00.000Z,-3.3,0,254,4.5,,
2025-11-23T08:00:00.000Z,-3.6,0,252,4.2,,
2025-11-23T09:00:00.000Z,-3.3,0,255,4.5,,
2025-11-23T10:00:00.000Z,-2.1,0,288,2.7,,
2025-11-23T11:00:00.000Z,-1.9,0,240,1.7,,
2025-11-23T12:00:00.000Z,-2.4,0,263,1.8,,
2025-11-23T13:00:00.000Z,-2.4,0,266,1.9,,
2025-11-23T14:00:00.000Z,-1.1,0,239,0.8,,
2025-11-23T15:00:00.000Z,-2.2,0,76,1,,
2025-11-23T16:00:00.000Z,-2.4,0,60,1.4,,
2025-11-23T17:00:00.000Z,-2.6,0,185,2,,
2025-11-23T18:00:00.000Z,-2.2,0,175,1.6,,
2025-11-23T19:00:00.000Z,-2.2,0,66,0.8,,
2025-11-23T20:00:00.000Z,-3.2,0,0,0,,
2025-11-23T21:00:00.000Z,-3.5,0,53,0.7,,
2025-11-23T22:00:00.000Z,-3.8,0,345,1.6,,
2025-11-23T23:00:00.000Z,-3.7,0,357,1.9,,
2025-11-24T00:00:00.000Z,-4.9,0,346,2.9,,
2025-11-24T01:00:00.000Z,-5.2,0,346,1.6,,
2025-11-24T02:00:00.000Z,-5.3,0,334,2.2,,
2025-11-24T03:00:00.000Z,-6.1,0,348,2.7,,
2025-11-24T04:00:00.000Z,-5.8,0,345,2.8,,
2025-11-24T05:00:00.000Z,-5.8,0,353,2.6,,
2025-11-24T06:00:00.000Z,-6.3,0.3,349,2.6,,
2025-11-24T07:00:00.000Z,-6.5,0.2,1,2.8,,
2025-11-24T08:00:00.000Z,-6.3,0.2,8,2.6,,
2025-11-24T09:00:00.000Z,-6.3,0.5,6,3.2,,
2025-11-24T10:00:00.000Z,-6.6,0,11,3.4,,
2025-11-24T13:00:00.000Z,-8,0,352,2.9,,
2025-11-24T14:00:00.000Z,-8.3,0,355,3.2,,
2025-11-24T15:00:00.000Z,-8.5,0,347,2.9,,
2025-11-24T16:00:00.000Z,-8.7,0,352,3.2,,
2025-11-24T17:00:00.000Z,-8.8,0,356,2.7,,
2025-11-24T18:00:00.000Z,-8.8,0,345,3,,
2025-11-24T19:00:00.000Z,-8.8,0,347,2,,
2025-11-24T20:00:00.000Z,-8.8,0,331,2.4,,
2025-11-24T21:00:00.000Z,-9.1,0,326,2.5,,
2025-11-24T22:00:00.000Z,-9.2,0,340,2.2,,
2025-11-24T23:00:00.000Z,-8.7,0,327,1.3,,
2025-11-25T00:00:00.000Z,-8.5,0,331,1.2,,
2025-11-25T01:00:00.000Z,-8.5,0,326,1.6,,
2025-11-25T02:00:00.000Z,-8.3,0,325,1.8,,
2025-11-25T03:00:00.000Z,-7.8,0,322,3.1,,
2025-11-25T04:00:00.000Z,-8,0,326,2.1,,
2025-11-25T05:00:00.000Z,-8.5,0,305,2.2,,
2025-11-25T06:00:00.000Z,-9.7,0,281,3,,
2025-11-25T07:00:00.000Z,-10,0,299,3.1,,
2025-11-25T08:00:00.000Z,-10,0,309,4.1,,
2025-11-25T09:00:00.000Z,-10.2,0,300,3.4,,
2025-11-25T10:00:00.000Z,-9.5,0,319,3.3,,
2025-11-25T11:00:00.000Z,-8.7,0,311,4.2,,
2025-11-25T12:00:00.000Z,-8.3,0,297,3.9,,
2025-11-25T13:00:00.000Z,-7.6,0,298,2.9,,
2025-11-25T14:00:00.000Z,-8.5,0,284,3.4,,
2025-11-25T15:00:00.000Z,-8.7,0,272,3.1,,
2025-11-25T16:00:00.000Z,-8.3,0,260,2.8,,
2025-11-25T17:00:00.000Z,-7.3,0,268,4.3,,
2025-11-25T18:00:00.000Z,-7.4,0,287,3,,
2025-11-25T19:00:00.000Z,-7.4,0,288,4.3,,
2025-11-25T20:00:00.000Z,-7,0,286,4.6,,
2025-11-25T21:00:00.000Z,-7,0,282,3.8,,
2025-11-25T22:00:00.000Z,-6.9,0,286,4.3,,
2025-11-25T23:00:00.000Z,-7.4,0,280,3.4,,
2025-11-26T00:00:00.000Z,-7.4,0,274,3.5,,
2025-11-26T01:00:00.000Z,-7.4,0,249,3.9,,
2025-11-26T02:00:00.000Z,-7.3,0,249,3.9,,
2025-11-26T03:00:00.000Z,-6.8,0,249,4.6,,
2025-11-26T04:00:00.000Z,-5.4,0,271,4.4,,
2025-11-26T05:00:00.000Z,-6.7,0,253,6,,
2025-11-26T06:00:00.000Z,-6.4,0,252,4.6,,
2025-11-26T07:00:00.000Z,-6.4,0,244,5.4,,
2025-11-26T08:00:00.000Z,-6.1,0,257,6.5,,
2025-11-26T09:00:00.000Z,-5.7,0,255,6.5,,
2025-11-26T10:00:00.000Z,-5.1,0,252,6.8,,
2025-11-26T11:00:00.000Z,-4.8,0,257,6.7,,
2025-11-26T12:00:00.000Z,-5.1,0,259,6.7,,
2025-11-26T13:00:00.000Z,-4.9,0,258,6.4,,
2025-11-26T14:00:00.000Z,-4.4,0,257,6.2,,
2025-11-26T15:00:00.000Z,-4.5,0,256,7.1,,
2025-11-26T16:00:00.000Z,-4.3,0,253,7.2,,
2025-11-26T17:00:00.000Z,-5,0,246,4.4,,
2025-11-26T18:00:00.000Z,-4.3,0,242,5.8,,
2025-11-26T19:00:00.000Z,-5,0,244,6.1,,
2025-11-26T20:00:00.000Z,-5.3,0,233,6.1,,
2025-11-26T21:00:00.000Z,-5.9,0,235,7.2,,
2025-11-26T22:00:00.000Z,-6.2,0,229,9.1,,
2025-11-26T23:00:00.000Z,-9,0,227,6.3,,
2025-11-27T00:00:00.000Z,-6.1,0,234,7.6,,
2025-11-27T01:00:00.000Z,-8.2,0,215,7.2,,
2025-11-27T02:00:00.000Z,-6.7,0,206,6,,
2025-11-27T03:00:00.000Z,-5.9,0.4,221,8.1,,
2025-11-27T04:00:00.000Z,-4.8,1,220,9,,
2025-11-27T05:00:00.000Z,-3.4,1.2,228,10.2,,
2025-11-27T06:00:00.000Z,-3,1.9,229,8.6,,
2025-11-27T07:00:00.000Z,-2.6,1.1,228,9.5,,
2025-11-27T08:00:00.000Z,-2.3,0.1,225,7.8,,
2025-11-27T09:00:00.000Z,-2.2,0,235,5.6,,
2025-11-27T10:00:00.000Z,-1.8,0,244,9.1,,
2025-11-27T11:00:00.000Z,-1.5,0,246,8.8,,
2025-11-27T12:00:00.000Z,-1.6,0,251,6.6,,
2025-11-27T13:00:00.000Z,-1.8,0,246,4,,
2025-11-27T14:00:00.000Z,-1.8,0,246,4.5,,
2025-11-27T15:00:00.000Z,-1.9,0,249,6.2,,
2025-11-27T16:00:00.000Z,-2.1,0,271,4.2,,
2025-11-27T17:00:00.000Z,-1.8,0,266,2.8,,
2025-11-27T18:00:00.000Z,-2.3,0,212,2.2,,
2025-11-27T19:00:00.000Z,-2.9,0,184,1.1,,
2025-11-27T20:00:00.000Z,-2.6,0,224,2.6,,
2025-11-27T21:00:00.000Z,-2.2,0,213,4.1,,
2025-11-27T22:00:00.000Z,-1.9,0,201,5.8,,
2025-11-27T23:00:00.000Z,-1.3,0,194,5.1,,
2025-11-28T00:00:00.000Z,-0.2,0,228,6.5,,
2025-11-28T01:00:00.000Z,-0.5,1,196,4.1,,
2025-11-28T02:00:00.000Z,0.4,0,200,3.2,,
2025-11-28T03:00:00.000Z,1,0,229,9.1,,
2025-11-28T04:00:00.000Z,0.9,0,233,7.7,,
2025-11-28T05:00:00.000Z,2.5,0,240,7.4,,
2025-11-28T06:00:00.000Z,2.4,0.1,243,8.4,,
2025-11-28T07:00:00.000Z,2.4,0,240,8.2,,
2025-11-28T08:00:00.000Z,2.1,0,244,7.3,,
2025-11-28T09:00:00.000Z,2.2,0,237,8,,
2025-11-28T10:00:00.000Z,2.4,0,235,8,,
2025-11-28T11:00:00.000Z,2.6,0,234,7.4,,
2025-11-28T12:00:00.000Z,2.7,0,226,6.4,,
2025-11-28T13:00:00.000Z,2.3,0,223,6,,
2025-11-28T14:00:00.000Z,2.1,0,227,7.5,,
2025-11-28T15:00:00.000Z,2.1,0,231,5.9,,
2025-11-28T16:00:00.000Z,2.2,0,235,8.6,,
2025-11-28T17:00:00.000Z,2.1,0,229,8,,
2025-11-28T18:00:00.000Z,2,0,228,8.3,,
2025-11-28T19:00:00.000Z,1.8,0,227,8.4,,
2025-11-28T20:00:00.000Z,1.3,0,228,8.6,,
2025-11-28T21:00:00.000Z,1.4,0,226,8.6,,
2025-11-28T22:00:00.000Z,1.2,0,228,9.1,,
2025-11-28T23:00:00.000Z,1.1,0,225,8.4,,
2025-11-29T00:00:00.000Z,1.1,0,220,10.7,,
2025-11-29T01:00:00.000Z,0.9,0,214,8.1,,
2025-11-29T02:00:00.000Z,1.2,0,220,8,,
2025-11-29T03:00:00.000Z,1.5,0,210,7.6,,
2025-11-29T04:00:00.000Z,0.8,0,157,4,,
2025-11-29T05:00:00.000Z,1,0.1,178,4.4,,
2025-11-29T06:00:00.000Z,0.8,0,194,6.4,,
2025-11-29T07:00:00.000Z,0.5,0,187,5,,
2025-11-29T08:00:00.000Z,0.6,0,217,5.5,,
2025-11-29T09:00:00.000Z,0.8,0,234,8.2,,
2025-11-29T10:00:00.000Z,1.1,0,248,8.2,,
2025-11-29T11:00:00.000Z,1.1,0,248,7.9,,
2025-11-29T12:00:00.000Z,1.1,0,238,7.1,,
2025-11-29T13:00:00.000Z,0.7,0,244,7.2,,
2025-11-29T14:00:00.000Z,0.3,0,244,7.2,,
2025-11-29T15:00:00.000Z,-0.2,0,255,8.3,,
2025-11-29T16:00:00.000Z,-0.6,0,270,10.8,,
2025-11-29T17:00:00.000Z,-1.1,0,278,10.8,,
2025-11-29T18:00:00.000Z,-1.6,0,275,10,,
2025-11-29T19:00:00.000Z,-1.9,0,282,8.3,,
2025-11-29T20:00:00.000Z,-2.2,0,274,9.3,,
2025-11-29T21:00:00.000Z,-2.5,0,270,8.3,,
2025-11-29T22:00:00.000Z,-2.7,0,279,6.6,,
2025-11-29T23:00:00.000Z,-3.4,0,248,4.1,,
2025-11-30T00:00:00.000Z,-3.9,0,258,5,,
2025-11-30T01:00:00.000Z,-4.5,0,273,4.4,,
2025-11-30T02:00:00.000Z,-4.7,0,246,4,,
2025-11-30T03:00:00.000Z,-5.2,0,271,4.1,,
2025-11-30T04:00:00.000Z,-5.2,0,299,3.8,,
2025-11-30T05:00:00.000Z,-5.6,0,271,3.8,,
2025-11-30T06:00:00.000Z,-5.3,0,296,4.1,,
2025-11-30T07:00:00.000Z,-5.4,0,289,3.4,,
2025-11-30T08:00:00.000Z,-5.3,0,290,3.3,,
2025-11-30T09:00:00.000Z,-5,0,317,1,,
2025-11-30T10:00:00.000Z,-3.5,0,21,1.2,,
2025-11-30T11:00:00.000Z,-4.4,0,143,2.4,,
2025-11-30T12:00:00.000Z,-4.5,0,125,2,,
2025-11-30T13:00:00.000Z,-5,0.3,122,2.7,,
2025-11-30T14:00:00.000Z,-5,0.3,115,3.3,,
2025-11-30T15:00:00.000Z,-5.2,0.4,103,2.9,,
2025-11-30T16:00:00.000Z,-5.5,0.7,99,3,,
2025-11-30T17:00:00.000Z,-5.4,0.7,86,3.5,,
2025-11-30T18:00:00.000Z,-5.4,1.1,82,4.1,,
2025-11-30T19:00:00.000Z,-5.6,1.6,58,3.6,,
2025-11-30T20:00:00.000Z,-5.6,1.6,55,3.5,,
2025-11-30T21:00:00.000Z,-5.6,1.6,51,3.1,,
2025-11-30T22:00:00.000Z,-5.7,1,30,2.4,,
2025-11-30T23:00:00.000Z,-5.7,0.5,9,2.4,,
2025-12-01T00:00:00.000Z,-5.7,0,5,2.3,,
2025-12-01T02:00:00.000Z,-5.6,0,9,2.4,,
2025-12-01T03:00:00.000Z,-5.6,0,5,2.1,,
2025-12-01T04:00:00.000Z,-5.6,0,18,1.7,,
2025-12-01T05:00:00.000Z,-5.6,0.4,357,1.4,,
2025-12-01T06:00:00.000Z,-5.9,0.6,350,1,,
2025-12-01T07:00:00.000Z,-5.6,0,319,0.9,,
2025-12-01T08:00:00.000Z,-6.1,0,172,0.8,,
2025-12-01T09:00:00.000Z,-5.4,0,212,1.8,,
2025-12-01T10:00:00.000Z,-4.4,0,243,3.2,,
2025-12-01T11:00:00.000Z,-4,0,247,4.3,,
2025-12-01T12:00:00.000Z,-4.2,0,248,1.7,,
2025-12-01T13:00:00.000Z,-3.5,0,238,2.1,,
2025-12-01T14:00:00.000Z,-3.7,0,263,2.7,,
2025-12-01T15:00:00.000Z,-4,0,239,3.1,,
2025-12-01T16:00:00.000Z,-3.4,0,235,4.1,,
2025-12-01T17:00:00.000Z,-4.1,0,211,2.9,,
2025-12-01T18:00:00.000Z,-4,0,200,2.8,,
2025-12-01T19:00:00.000Z,-4.1,0,186,2.9,,
2025-12-01T20:00:00.000Z,-3.7,0,218,4.6,,
2025-12-01T21:00:00.000Z,-3.5,0.1,212,6.9,,
2025-12-01T22:00:00.000Z,-3.3,0.3,202,5,,
2025-12-01T23:00:00.000Z,-2.9,0,187,5.6,,
2025-12-02T00:00:00.000Z,-2.5,0.5,185,4.5,,
2025-12-02T01:00:00.000Z,-1.5,0.5,173,5.7,,
2025-12-02T02:00:00.000Z,-0.8,0.3,167,4.3,,
2025-12-02T03:00:00.000Z,-0.7,0.2,172,5.2,,
2025-12-02T04:00:00.000Z,-0.7,0.1,177,5.3,,
2025-12-02T05:00:00.000Z,-0.7,0,191,7,,
2025-12-02T06:00:00.000Z,-0.8,0,193,6,,
2025-12-02T07:00:00.000Z,-0.6,0.2,189,6.3,,
2025-12-02T08:00:00.000Z,-0.4,0,199,6.5,,
2025-12-02T09:00:00.000Z,-0.4,0,186,6.8,,
2025-12-02T10:00:00.000Z,-0.3,0,185,5.3,,
2025-12-02T11:00:00.000Z,-0.2,0,187,4.5,,
2025-12-02T12:00:00.000Z,0,0,197,4.9,,
2025-12-02T13:00:00.000Z,0,0,170,3.6,,
2025-12-02T14:00:00.000Z,0,0,144,3.1,,
2025-12-02T15:00:00.000Z,0,0,160,3.5,,
2025-12-02T16:00:00.000Z,0,0,172,2.7,,
2025-12-02T17:00:00.000Z,0.5,0,203,4.3,,
2025-12-02T18:00:00.000Z,0.6,0,223,6.5,,
2025-12-02T19:00:00.000Z,0.7,0,222,5.9,,
2025-12-02T20:00:00.000Z,0.8,0,226,7.2,,
2025-12-02T21:00:00.000Z,1.1,0,229,7.2,,
2025-12-02T22:00:00.000Z,1.3,0,217,6.6,,
2025-12-02T23:00:00.000Z,0.7,0,209,2.7,,
2025-12-03T00:00:00.000Z,0.5,0,212,3.5,,
2025-12-03T01:00:00.000Z,0.9,0,233,6,,
2025-12-03T02:00:00.000Z,0.4,0,225,3.7,,
2025-12-03T03:00:00.000Z,-0.1,0,227,4.7,,
2025-12-03T04:00:00.000Z,0.1,0,233,6.2,,
2025-12-03T05:00:00.000Z,0.1,0,226,6,,
2025-12-03T06:00:00.000Z,-0.3,0,225,5.4,,
2025-12-03T07:00:00.000Z,-0.4,0,235,4.5,,
2025-12-03T08:00:00.000Z,-0.5,0,245,4.9,,
2025-12-03T09:00:00.000Z,-0.7,0,243,5.6,,
2025-12-03T10:00:00.000Z,-0.5,0,243,6.1,,
2025-12-03T11:00:00.000Z,-0.6,0,246,6.2,,
2025-12-03T12:00:00.000Z,-0.8,0,243,5.8,,
2025-12-03T13:00:00.000Z,-1.2,0,256,6.6,,
2025-12-03T14:00:00.000Z,-1.3,0,264,6.4,,
2025-12-03T15:00:00.000Z,-0.6,0,302,4.6,,
2025-12-03T16:00:00.000Z,-1.7,0,257,5,,
2025-12-03T17:00:00.000Z,-1.8,0,258,6.6,,
2025-12-03T18:00:00.000Z,-1.2,0,267,5.3,,
2025-12-03T19:00:00.000Z,-2.1,0,260,5.2,,
2025-12-03T20:00:00.000Z,-1,0,251,5.4,,
2025-12-03T21:00:00.000Z,-0.3,0,257,5.8,,
2025-12-03T22:00:00.000Z,-1.3,0,256,5.5,,
2025-12-03T23:00:00.000Z,-0.4,0,254,5,,
2025-12-04T00:00:00.000Z,-0.6,0,249,5.5,,
2025-12-04T01:00:00.000Z,-0.9,0,237,3.7,,
2025-12-04T02:00:00.000Z,-0.5,0,249,5.2,,
2025-12-04T03:00:00.000Z,-0.6,0,247,4.1,,
2025-12-04T04:00:00.000Z,-0.6,0,243,4.5,,
2025-12-04T05:00:00.000Z,-0.9,0,231,3.8,,
2025-12-04T06:00:00.000Z,-1.4,0,222,4.5,,
2025-12-04T07:00:00.000Z,-0.9,0,243,4,,
2025-12-04T08:00:00.000Z,-0.7,0,227,3.9,,
2025-12-04T09:00:00.000Z,-0.6,0,248,4.2,,
2025-12-04T10:00:00.000Z,-0.5,0,254,4.1,,
2025-12-04T11:00:00.000Z,-0.6,0,238,3.4,,
2025-12-04T12:00:00.000Z,-1,0,227,2.8,,
2025-12-04T13:00:00.000Z,-1,0,230,3.4,,
2025-12-04T14:00:00.000Z,-1.5,0,242,4.2,,
2025-12-04T15:00:00.000Z,-1.6,0,244,4.4,,
2025-12-04T16:00:00.000Z,-1.8,0,245,3.5,,
2025-12-04T17:00:00.000Z,-1.7,0,250,4.7,,
2025-12-04T18:00:00.000Z,-1.7,0,264,3.9,,
2025-12-04T19:00:00.000Z,-1.3,0,264,4.5,,
2025-12-04T20:00:00.000Z,-2,0,262,2.6,,
2025-12-04T21:00:00.000Z,-1.5,0,269,3.6,,
2025-12-04T22:00:00.000Z,-1.6,0,258,2.4,,
2025-12-04T23:00:00.000Z,-1.7,0,286,2.1,,
2025-12-05T00:00:00.000Z,-1.8,0,249,3.1,,
2025-12-05T01:00:00.000Z,-2.3,0,257,3.9,,
2025-12-05T02:00:00.000Z,-2.7,0,262,3.2,,
2025-12-05T03:00:00.000Z,-2.6,0,257,3.1,,
2025-12-05T04:00:00.000Z,-3,0,246,2.1,,
2025-12-05T05:00:00.000Z,-4.4,0,249,2.4,,
2025-12-05T06:00:00.000Z,-3.9,0,259,2.3,,
2025-12-05T07:00:00.000Z,-3.7,0,267,1.2,,
2025-12-05T08:00:00.000Z,-4.4,0,298,1.6,,
2025-12-05T09:00:00.000Z,-5.9,0,265,2.1,,
2025-12-05T10:00:00.000Z,-5.7,0,248,2.3,,
2025-12-05T11:00:00.000Z,-5.3,0,249,2.1,,
2025-12-05T12:00:00.000Z,-4.8,0,259,1.4,,
2025-12-05T13:00:00.000Z,-4.7,0,231,0.8,,
2025-12-05T14:00:00.000Z,-4.7,0,273,1.8,,
2025-12-05T15:00:00.000Z,-4.2,0,228,1.5,,
2025-12-05T16:00:00.000Z,-4.7,0,204,1.2,,
2025-12-05T17:00:00.000Z,-4.4,0,237,2,,
2025-12-05T18:00:00.000Z,-3.5,0,232,1.9,,
2025-12-05T19:00:00.000Z,-4.5,0,180,1.7,,
2025-12-05T20:00:00.000Z,-3.9,0,176,2.5,,
2025-12-05T21:00:00.000Z,-3.7,0,174,2.1,,
2025-12-05T22:00:00.000Z,-3.6,0,178,2.4,,
2025-12-06T00:00:00.000Z,-3.2,0,175,1.9,,
2025-12-06T01:00:00.000Z,-3.2,0,130,1.4,,
2025-12-06T02:00:00.000Z,-3.2,0,128,2,,
2025-12-06T03:00:00.000Z,-2.7,0,146,2.2,,
2025-12-06T04:00:00.000Z,-2.8,0,112,1.4,,
2025-12-06T05:00:00.000Z,-2.7,0,88,1.2,,
2025-12-06T06:00:00.000Z,-2.9,0.4,29,1.5,,
2025-12-06T07:00:00.000Z,-2.5,0.2,52,2.3,,
2025-12-06T08:00:00.000Z,-2.6,0.3,49,2.2,,
2025-12-06T09:00:00.000Z,-2.4,0.3,62,2,,
2025-12-06T10:00:00.000Z,-2.2,0.5,61,2.4,,
2025-12-06T11:00:00.000Z,-2,0.5,76,2.4,,
2025-12-06T12:00:00.000Z,-2,0.4,73,2.7,,
2025-12-06T13:00:00.000Z,-1.9,0.3,62,2.3,,
2025-12-06T14:00:00.000Z,-1.7,0.5,66,2.9,,
2025-12-06T15:00:00.000Z,-1.7,0.4,65,2.8,,
2025-12-06T16:00:00.000Z,-1.8,0.5,61,3.4,,
2025-12-06T17:00:00.000Z,-2,0.6,52,3.1,,
2025-12-06T18:00:00.000Z,-2.2,0.6,48,2.8,,
2025-12-06T19:00:00.000Z,-2.3,0.5,30,3,,
2025-12-06T20:00:00.000Z,-2.4,0.3,31,3.5,,
2025-12-06T21:00:00.000Z,-2.4,0.2,23,2.7,,
2025-12-06T22:00:00.000Z,-2.4,0.3,21,2.6,,
2025-12-06T23:00:00.000Z,-2.3,0.2,26,2.7,,
2025-12-07T00:00:00.000Z,-2.3,0.4,26,2.7,,
2025-12-07T01:00:00.000Z,-2.3,0.3,20,2.7,,
2025-12-07T02:00:00.000Z,-2.4,0.6,11,2.8,,
2025-12-07T04:00:00.000Z,-2.3,0.2,10,2.3,,
2025-12-07T05:00:00.000Z,-2.3,0.1,357,2.2,,
2025-12-07T06:00:00.000Z,-2.3,0.1,358,1.6,,
2025-12-07T07:00:00.000Z,-2.3,0.1,357,1.2,,
2025-12-07T08:00:00.000Z,-2.5,0.1,360,1.5,,
2025-12-07T11:00:00.000Z,-2.2,0.3,166,1.5,,
2025-12-07T12:00:00.000Z,-2.1,0.3,171,1.8,,
2025-12-07T13:00:00.000Z,-2,0.4,176,2.3,,
2025-12-07T14:00:00.000Z,-2.2,0.6,168,2.6,,
2025-12-07T15:00:00.000Z,-1.9,0.2,170,2.6,,
2025-12-07T16:00:00.000Z,-1.9,0.2,175,2.7,,
2025-12-07T17:00:00.000Z,-1.8,0.1,173,2.9,,
2025-12-07T18:00:00.000Z,-1.6,0.2,168,3.6,,
2025-12-07T19:00:00.000Z,-1.7,0.3,175,2.7,,
2025-12-07T20:00:00.000Z,-1.6,0.4,177,2.8,,
2025-12-07T21:00:00.000Z,-1.5,0.1,177,3.1,,
2025-12-07T22:00:00.000Z,-1.3,0.3,174,3.3,,
2025-12-07T23:00:00.000Z,-1.3,0.1,168,3.2,,
2025-12-08T00:00:00.000Z,-1.2,0,173,3,,
2025-12-08T01:00:00.000Z,-1.1,0.1,181,2.6,,
2025-12-08T02:00:00.000Z,-1,0.2,180,4,,
2025-12-08T03:00:00.000Z,-0.9,0.2,173,3.2,,
2025-12-08T04:00:00.000Z,-1,0.2,164,3.5,,
2025-12-08T05:00:00.000Z,-1,0,169,4.1,,
2025-12-08T06:00:00.000Z,-1.1,0,164,3.5,,
2025-12-08T08:00:00.000Z,-1.1,0.2,163,3.5,,
2025-12-08T09:00:00.000Z,-1,0,162,2.9,,
2025-12-08T10:00:00.000Z,-0.8,0.1,173,3.2,,
2025-12-08T11:00:00.000Z,-0.7,0.1,167,3.9,,
2025-12-08T12:00:00.000Z,-0.6,0,172,3,,
2025-12-08T13:00:00.000Z,-1,0,162,1.9,,
2025-12-08T14:00:00.000Z,-1.1,0,141,2.2,,
2025-12-08T16:00:00.000Z,-1,0.3,126,1.6,,
2025-12-08T18:00:00.000Z,-1,0.6,96,1.3,,
2025-12-08T19:00:00.000Z,-1.1,0.4,84,1,,
2025-12-08T20:00:00.000Z,-0.9,0.3,8,1.2,,
2025-12-08T21:00:00.000Z,-1,0.4,14,1.3,,
2025-12-08T22:00:00.000Z,-1.2,0.2,360,1.8,,
2025-12-08T23:00:00.000Z,-1.1,0,345,1.3,,
2025-12-09T00:00:00.000Z,-1.2,0,289,0.9,,
2025-12-09T02:00:00.000Z,-1.1,0,91,0.6,,
2025-12-09T03:00:00.000Z,-0.8,0,226,1.5,,
2025-12-09T04:00:00.000Z,-0.7,0,241,2.1,,
2025-12-09T05:00:00.000Z,-0.5,0,252,1.4,,
2025-12-09T06:00:00.000Z,-0.6,0,301,1.5,,
2025-12-09T07:00:00.000Z,-0.5,0,275,2.4,,
2025-12-09T08:00:00.000Z,-1.2,0,281,3,,
2025-12-09T09:00:00.000Z,-1.5,0,332,2.5,,
2025-12-09T10:00:00.000Z,-1.2,0,334,2.2,,
2025-12-09T11:00:00.000Z,-1.3,0,350,2.9,,
2025-12-09T12:00:00.000Z,-1,0,311,1.7,,
2025-12-09T13:00:00.000Z,-1,0,255,3,,
2025-12-09T14:00:00.000Z,-2.2,0,282,2.7,,
2025-12-09T15:00:00.000Z,-3.2,0,265,2.5,,
2025-12-09T16:00:00.000Z,-3.1,0,292,3.2,,
2025-12-09T17:00:00.000Z,-3.3,0,305,1.9,,
2025-12-09T18:00:00.000Z,-3.3,0,323,1.1,,
2025-12-09T19:00:00.000Z,-3.3,0,247,2.9,,
2025-12-09T20:00:00.000Z,-3.3,0,246,3.4,,
2025-12-09T21:00:00.000Z,-3,0,257,4.5,,
2025-12-09T22:00:00.000Z,-2.6,0,256,3.9,,
2025-12-09T23:00:00.000Z,-2.7,0,251,3.6,,
2025-12-10T00:00:00.000Z,-2.5,0,248,3.1,,
2025-12-10T01:00:00.000Z,-2.2,0,224,3.1,,
2025-12-10T02:00:00.000Z,-2.4,0,210,2.6,,
2025-12-10T03:00:00.000Z,-2.5,0,199,4,,
2025-12-10T04:00:00.000Z,-2.3,0,193,4.2,,
2025-12-10T05:00:00.000Z,-2.4,0,185,4.4,,
2025-12-10T06:00:00.000Z,-2.5,0.8,189,3.7,,
2025-12-10T07:00:00.000Z,-2.2,1.3,188,4.6,,
2025-12-10T08:00:00.000Z,-2.2,1.2,179,4.6,,
2025-12-10T17:00:00.000Z,-0.1,0,259,7.5,,
2025-12-10T18:00:00.000Z,-0.2,0,258,7.5,,
2025-12-10T19:00:00.000Z,-0.2,0,251,6.7,,
2025-12-10T20:00:00.000Z,-0.5,0,253,7.7,,
2025-12-10T21:00:00.000Z,-0.6,0,254,8.2,,
2025-12-10T22:00:00.000Z,-0.8,0,253,7.2,,
2025-12-10T23:00:00.000Z,-0.8,0,258,8.5,,
2025-12-11T00:00:00.000Z,-1,0,257,5,,
2025-12-11T01:00:00.000Z,-1.1,0,246,4.4,,
2025-12-11T02:00:00.000Z,-1.2,0,253,6.9,,
2025-12-11T03:00:00.000Z,-1.4,0,257,4.5,,
2025-12-11T04:00:00.000Z,-1.6,0,247,3.7,,
2025-12-11T05:00:00.000Z,-1.8,0,253,4.2,,
2025-12-11T06:00:00.000Z,-1.8,0,260,3.7,,
2025-12-11T07:00:00.000Z,-1.4,0,264,3.1,,
2025-12-11T08:00:00.000Z,-1.6,0,193,1.3,,
2025-12-11T10:00:00.000Z,-2.6,0.2,61,1.6,,
2025-12-11T11:00:00.000Z,-2.7,0.1,339,0.6,,
2025-12-11T12:00:00.000Z,-2.3,0,54,1.1,,
2025-12-11T13:00:00.000Z,-2.6,0.1,18,1.5,,
2025-12-11T14:00:00.000Z,-3.5,0.1,329,0.9,,
2025-12-11T16:00:00.000Z,-4.1,0,313,1,,
2025-12-11T17:00:00.000Z,-5.1,0,359,2.1,,
2025-12-11T18:00:00.000Z,-5.4,0.1,7,1.6,,
2025-12-11T19:00:00.000Z,-6.1,0,326,1.6,,
2025-12-11T20:00:00.000Z,-6.1,0,355,1.9,,
2025-12-11T21:00:00.000Z,-6.4,0,298,1.7,,
2025-12-11T22:00:00.000Z,-5.9,0,345,1,,
2025-12-12T01:00:00.000Z,-5.4,0.8,97,1.1,,
2025-12-12T02:00:00.000Z,-5.3,0.8,106,1,,
2025-12-12T03:00:00.000Z,-5.2,0.7,117,1.3,,
2025-12-12T04:00:00.000Z,-5.3,0.6,107,1.6,,
2025-12-12T05:00:00.000Z,-5,0.5,111,2.1,,
2025-12-12T06:00:00.000Z,-5,0.5,140,2.9,,
2025-12-12T07:00:00.000Z,-4.8,0.7,143,3.4,,
2025-12-12T08:00:00.000Z,-4.9,0.5,122,2.8,,
2025-12-12T09:00:00.000Z,-5.8,0.4,139,4.4,,
2025-12-12T11:00:00.000Z,-5.7,0.2,146,4.4,,
2025-12-12T12:00:00.000Z,-6.2,0.1,150,5.2,,
2025-12-12T13:00:00.000Z,-6.5,0.2,146,4.6,,
2025-12-12T14:00:00.000Z,-6.9,0.3,157,4.6,,
2025-12-12T15:00:00.000Z,-7,0.5,161,4.5,,
2025-12-12T16:00:00.000Z,-7,0,164,5.5,,
2025-12-12T17:00:00.000Z,-6.8,0.3,165,5.6,,
2025-12-12T18:00:00.000Z,-6.5,0.1,166,5.6,,
2025-12-12T19:00:00.000Z,-6.4,0.3,168,6.1,,
2025-12-12T20:00:00.000Z,-6.4,0.3,165,5.5,,
2025-12-12T21:00:00.000Z,-6.5,0.2,170,6,,
2025-12-12T22:00:00.000Z,-6.6,0.3,167,5.7,,
2025-12-12T23:00:00.000Z,-6.6,0.3,168,4.8,,
2025-12-13T00:00:00.000Z,-6.7,0.4,166,5.5,,
2025-12-13T01:00:00.000Z,-6.4,0.1,169,4.7,,
2025-12-13T02:00:00.000Z,-6.4,0.1,175,5.8,,
2025-12-13T04:00:00.000Z,-6.5,0.1,173,6.2,,
2025-12-13T05:00:00.000Z,-6.4,0,181,5.4,,
2025-12-13T06:00:00.000Z,-6.1,0.3,177,5.3,,
2025-12-13T07:00:00.000Z,-5.8,1.2,181,5,,
2025-12-13T08:00:00.000Z,-5.2,1.1,188,5.8,,
2025-12-13T09:00:00.000Z,-4.9,0.9,197,5.7,,
2025-12-13T10:00:00.000Z,-4.4,0.9,200,5.2,,
2025-12-13T11:00:00.000Z,-3.6,1.4,207,5.3,,
2025-12-13T12:00:00.000Z,-2.7,0.4,216,5.2,,
2025-12-13T13:00:00.000Z,-1.9,0.3,238,5.6,,
2025-12-13T14:00:00.000Z,-2.2,0.4,266,6.4,,
2025-12-13T15:00:00.000Z,-1.8,0.1,287,5.1,,
2025-12-13T16:00:00.000Z,-2,0,291,3.6,,
2025-12-13T17:00:00.000Z,-2.3,0,285,3.1,,
2025-12-13T18:00:00.000Z,-2.8,0,282,3.2,,
2025-12-13T19:00:00.000Z,-3.6,0,256,2.6,,
2025-12-13T20:00:00.000Z,-2.9,0,252,3.2,,
2025-12-13T21:00:00.000Z,-2.6,0,243,2.9,,
2025-12-13T22:00:00.000Z,-2.4,0,217,2.6,,
2025-12-13T23:00:00.000Z,-2.2,0,196,4,,
2025-12-14T00:00:00.000Z,-2.7,0,208,4.6,,
2025-12-14T01:00:00.000Z,-3.3,0,206,4.5,,
2025-12-14T02:00:00.000Z,-3.9,0,205,4.5,,
2025-12-14T03:00:00.000Z,-3.6,0,191,4.5,,
2025-12-14T04:00:00.000Z,-2.6,0,204,7.1,,
2025-12-14T05:00:00.000Z,-2.6,0,203,6.6,,
2025-12-14T07:00:00.000Z,-1.6,0.3,209,6.2,,
2025-12-14T08:00:00.000Z,-0.8,0.7,219,8,,
2025-12-14T09:00:00.000Z,-0.3,0.2,233,8.5,,
2025-12-14T10:00:00.000Z,-0.2,0.9,244,8.5,,
2025-12-14T11:00:00.000Z,0,1.3,247,7.4,,
2025-12-14T12:00:00.000Z,0,0,248,7.1,,
2025-12-14T13:00:00.000Z,0,0,251,7.1,,
2025-12-14T14:00:00.000Z,0,0,255,7.6,,
2025-12-14T15:00:00.000Z,0,0,264,7.6,,
2025-12-14T16:00:00.000Z,-0.2,0,263,7.3,,
2025-12-14T17:00:00.000Z,0,0,260,7.7,,
2025-12-14T18:00:00.000Z,0,0,262,7.4,,
2025-12-14T19:00:00.000Z,-0.5,0,246,5.4,,
2025-12-14T20:00:00.000Z,-1,0,223,2.9,,
2025-12-14T21:00:00.000Z,-0.5,0,242,4.2,,
2025-12-14T22:00:00.000Z,0.3,0,253,6,,
2025-12-14T23:00:00.000Z,0.6,0,243,6.4,,
2025-12-15T00:00:00.000Z,1.8,0,236,7,,
2025-12-15T01:00:00.000Z,1.7,0,234,6.6,,
2025-12-15T02:00:00.000Z,1.3,0,207,7,,
2025-12-15T03:00:00.000Z,2.5,0,224,7.2,,
2025-12-15T04:00:00.000Z,2.5,0,223,6.1,,
2025-12-15T05:00:00.000Z,2.6,0,221,7,,
2025-12-15T06:00:00.000Z,2.8,0,234,9.5,,
2025-12-15T07:00:00.000Z,2.8,0,232,8,,
2025-12-15T08:00:00.000Z,2.9,0,233,6.5,,
2025-12-15T09:00:00.000Z,2.7,0,237,7.4,,
2025-12-15T10:00:00.000Z,2.6,0,240,8.1,,
2025-12-15T11:00:00.000Z,3,0,244,7.5,,
2025-12-15T12:00:00.000Z,2.7,0,242,2.6,,
2025-12-15T13:00:00.000Z,2.8,0,247,4.9,,
2025-12-15T14:00:00.000Z,2.7,0,258,3.8,,
2025-12-15T15:00:00.000Z,1.5,0,325,2.2,,
2025-12-15T17:00:00.000Z,1.7,0,288,1.9,,
2025-12-15T18:00:00.000Z,1.8,0,186,1.9,,
2025-12-15T19:00:00.000Z,2.1,0,194,1.8,,
2025-12-15T20:00:00.000Z,1.9,0,174,2.5,,
2025-12-15T21:00:00.000Z,1.9,0,184,2.5,,
2025-12-15T22:00:00.000Z,1.9,0,194,2.5,,
2025-12-16T00:00:00.000Z,1.9,0,195,2.6,,
2025-12-16T01:00:00.000Z,2.2,0,172,3,,
2025-12-16T02:00:00.000Z,2.3,0,200,4,,
2025-12-16T03:00:00.000Z,2.3,0.1,218,3.2,,
2025-12-16T04:00:00.000Z,2.4,0.1,214,2.7,,
2025-12-16T05:00:00.000Z,2.5,0.1,240,1.4,,
2025-12-16T06:00:00.000Z,2.3,0.1,223,1.6,,
2025-12-16T07:00:00.000Z,2,0.1,262,1.9,,
2025-12-16T08:00:00.000Z,1.8,0,257,2.5,,
2025-12-16T09:00:00.000Z,1.7,0,239,2.4,,
2025-12-16T10:00:00.000Z,1.9,0,239,3.4,,
2025-12-16T11:00:00.000Z,2.1,0,247,3.6,,
2025-12-16T12:00:00.000Z,2.2,0,240,3.3,,
2025-12-16T13:00:00.000Z,2,0,246,4,,
2025-12-16T14:00:00.000Z,2,0,254,7.3,,
2025-12-16T15:00:00.000Z,1.8,0,262,5.6,,
2025-12-16T16:00:00.000Z,1.7,0,259,5.7,,
2025-12-16T17:00:00.000Z,1.5,0,267,5.3,,
2025-12-16T18:00:00.000Z,1.5,0,254,3,,
2025-12-16T19:00:00.000Z,1.4,0,265,1,,
2025-12-16T20:00:00.000Z,1.4,0,238,3.7,,
2025-12-16T21:00:00.000Z,1.5,0,255,4.4,,
2025-12-16T22:00:00.000Z,1.2,0,243,4,,
2025-12-16T23:00:00.000Z,1.9,0,261,5.2,,
2025-12-17T00:00:00.000Z,2,0,233,2.7,,
2025-12-17T01:00:00.000Z,1.5,0.2,194,1.9,,
2025-12-17T02:00:00.000Z,1.5,0,186,1.6,,
2025-12-17T03:00:00.000Z,1.6,0.8,218,1.9,,
2025-12-17T04:00:00.000Z,0.4,1.9,256,2.5,,
2025-12-17T05:00:00.000Z,0,1.4,338,3.3,,
2025-12-17T06:00:00.000Z,0,0.5,330,4.7,,
2025-12-17T07:00:00.000Z,-0.3,0.2,334,4.3,,
2025-12-17T08:00:00.000Z,-0.2,0.7,331,4.8,,
2025-12-17T09:00:00.000Z,-0.5,0.1,327,3.2,,
2025-12-17T10:00:00.000Z,-0.8,0,287,4.2,,
2025-12-17T11:00:00.000Z,-0.9,0,280,5,,
2025-12-17T12:00:00.000Z,-0.9,0,275,4,,
2025-12-17T13:00:00.000Z,-1.4,0,271,3.5,,
2025-12-17T14:00:00.000Z,-1.8,0,255,2.8,,
2025-12-17T15:00:00.000Z,-1.2,0,264,3.3,,
2025-12-17T16:00:00.000Z,-1.6,0,252,3.5,,
2025-12-17T17:00:00.000Z,-2.3,0,258,4.1,,
2025-12-17T18:00:00.000Z,-2.6,0,253,4.3,,
2025-12-17T19:00:00.000Z,-2.2,0,211,2.9,,
2025-12-17T20:00:00.000Z,-3.5,0,192,4.4,,
2025-12-17T21:00:00.000Z,-2.5,0,230,4.5,,
2025-12-17T22:00:00.000Z,-4.5,0,239,6.3,,
2025-12-17T23:00:00.000Z,-3.9,0,225,6.7,,
2025-12-18T00:00:00.000Z,-4.1,0,207,6.7,,
2025-12-18T01:00:00.000Z,-4,0,200,7.9,,
2025-12-18T02:00:00.000Z,-2.6,0,220,10.4,,
2025-12-18T03:00:00.000Z,-1.9,0,231,10.2,,
2025-12-18T04:00:00.000Z,-1.6,0,226,9.4,,
2025-12-18T05:00:00.000Z,-0.5,0,215,7.4,,
2025-12-18T06:00:00.000Z,-0.2,0.1,184,2.5,,
2025-12-18T07:00:00.000Z,0,0.2,185,3.3,,
2025-12-18T08:00:00.000Z,-0.2,0,207,8.1,,
2025-12-18T09:00:00.000Z,-0.3,0.1,208,9,,
2025-12-18T10:00:00.000Z,-0.7,0.3,205,10.5,,
2025-12-18T11:00:00.000Z,-0.6,0.1,210,11.3,,
2025-12-18T12:00:00.000Z,-0.6,0.2,208,9.9,,
2025-12-18T13:00:00.000Z,-0.7,1.1,211,7.7,,
2025-12-18T14:00:00.000Z,-0.5,0.4,218,8.5,,
2025-12-18T15:00:00.000Z,0.1,0,224,8.8,,
2025-12-18T16:00:00.000Z,0.6,0,223,9.6,,
2025-12-18T17:00:00.000Z,1.6,0,237,8.9,,
2025-12-18T18:00:00.000Z,1.7,0,249,8.8,,
2025-12-18T19:00:00.000Z,1.4,0,253,10.4,,
2025-12-18T20:00:00.000Z,1.1,0,250,7.8,,
2025-12-18T21:00:00.000Z,1.3,0,252,8.9,,
2025-12-18T22:00:00.000Z,1.2,0,244,7.2,,
2025-12-18T23:00:00.000Z,0.5,0,204,5.1,,
2025-12-19T00:00:00.000Z,0.9,0,198,4.3,,
2025-12-19T01:00:00.000Z,0.6,0,212,5.5,,
2025-12-19T02:00:00.000Z,0.8,0,224,3.8,,
2025-12-19T03:00:00.000Z,3.5,0,245,3.5,,
2025-12-19T04:00:00.000Z,3.8,0,185,3.9,,
2025-12-19T05:00:00.000Z,0.8,0,195,5.1,,
2025-12-19T06:00:00.000Z,0.8,0,175,4.6,,
2025-12-19T07:00:00.000Z,0.5,0,155,5.6,,
2025-12-19T08:00:00.000Z,0.6,0,166,6.4,,
2025-12-19T09:00:00.000Z,0.5,0,155,5.4,,
2025-12-19T10:00:00.000Z,0.8,0,179,6.7,,
2025-12-19T11:00:00.000Z,1.2,0.3,188,7.9,,
2025-12-19T12:00:00.000Z,1.8,0.2,195,6.8,,
2025-12-19T13:00:00.000Z,2,0.1,216,6.8,,
2025-12-19T14:00:00.000Z,1.8,0,246,5.6,,
2025-12-19T15:00:00.000Z,1.2,0,229,6.9,,
2025-12-19T16:00:00.000Z,1.1,0,230,6.3,,
2025-12-19T17:00:00.000Z,1.5,0,237,8.1,,
2025-12-19T18:00:00.000Z,1.4,0,231,10.1,,
2025-12-19T19:00:00.000Z,1.7,0,237,9.8,,
2025-12-19T20:00:00.000Z,1.6,0,233,9.8,,
2025-12-19T21:00:00.000Z,1.2,0,228,9,,
2025-12-19T22:00:00.000Z,1.1,0,234,9.8,,
2025-12-19T23:00:00.000Z,1.1,0,234,8.8,,
2025-12-20T00:00:00.000Z,1.4,0,245,10.4,,
2025-12-20T01:00:00.000Z,1,0,246,10,,
2025-12-20T02:00:00.000Z,1.2,0,243,10.9,,
2025-12-20T03:00:00.000Z,1.2,0,240,10.5,,
2025-12-20T04:00:00.000Z,0.9,0,225,4.7,,
2025-12-20T05:00:00.000Z,0.8,0,240,6.7,,
2025-12-20T06:00:00.000Z,0.9,0,254,8.8,,
2025-12-20T07:00:00.000Z,0.3,0,264,8.5,,
2025-12-20T08:00:00.000Z,0.2,0,257,7.6,,
2025-12-20T09:00:00.000Z,0.8,0,270,11.3,,
2025-12-20T10:00:00.000Z,1,0,261,10.8,,
2025-12-20T11:00:00.000Z,1.1,0,260,10.5,,
2025-12-20T12:00:00.000Z,0.2,0,278,10.3,,
2025-12-20T13:00:00.000Z,1,0,299,8.7,,
2025-12-20T14:00:00.000Z,1,0,303,5.4,,
2025-12-20T15:00:00.000Z,1.2,0,311,7.6,,
2025-12-20T16:00:00.000Z,1.1,0,303,8.3,,
2025-12-20T17:00:00.000Z,1.5,0,321,10,,
2025-12-20T18:00:00.000Z,1.2,0,323,6.8,,
2025-12-20T19:00:00.000Z,1,0,316,7.5,,
2025-12-20T20:00:00.000Z,1.3,0,312,8.6,,
2025-12-20T21:00:00.000Z,1.2,0,324,8.2,,
2025-12-20T22:00:00.000Z,0.7,0,313,7.1,,
2025-12-20T23:00:00.000Z,0.4,0,308,5.8,,
2025-12-21T00:00:00.000Z,0.9,0,306,7.8,,
2025-12-21T01:00:00.000Z,0.7,0,299,7.1,,
2025-12-21T02:00:00.000Z,-0.3,0,304,6.8,,
2025-12-21T03:00:00.000Z,0.3,0,287,6.4,,
2025-12-21T04:00:00.000Z,-0.2,0,285,5,,
2025-12-21T05:00:00.000Z,-0.8,0,297,6.1,,
2025-12-21T06:00:00.000Z,-0.4,0,304,7.6,,
2025-12-21T07:00:00.000Z,-0.7,0,320,5.4,,
2025-12-21T08:00:00.000Z,-0.7,0,317,8.1,,
2025-12-21T09:00:00.000Z,-0.6,0,318,6.7,,
2025-12-21T10:00:00.000Z,-0.3,0,323,7.2,,
2025-12-21T11:00:00.000Z,-0.6,0,323,6.8,,
2025-12-21T12:00:00.000Z,-0.7,0,337,5.6,,
2025-12-21T13:00:00.000Z,-1.2,0,314,5.8,,
2025-12-21T14:00:00.000Z,-1.5,0,333,6.2,,
2025-12-21T15:00:00.000Z,-1.5,0,324,5.2,,
2025-12-21T16:00:00.000Z,-1.6,0,322,4.5,,
2025-12-21T17:00:00.000Z,-1.5,0,319,4.3,,
2025-12-21T18:00:00.000Z,-2.3,0,304,4,,
2025-12-21T19:00:00.000Z,-2.6,0,303,3.5,,
2025-12-21T20:00:00.000Z,-2.2,0,312,3.7,,
2025-12-21T21:00:00.000Z,-2.4,0,303,3.1,,
2025-12-21T22:00:00.000Z,-2.4,0,329,2.6,,
2025-12-21T23:00:00.000Z,-2.4,0,320,3.4,,
2025-12-22T00:00:00.000Z,-2.3,0,344,2.6,,
2025-12-22T01:00:00.000Z,-2.4,0,338,3.3,,
2025-12-22T02:00:00.000Z,-2.6,0,348,2.9,,
2025-12-22T03:00:00.000Z,-2.6,0,352,2.6,,
2025-12-22T04:00:00.000Z,-2.6,0,360,2.1,,
2025-12-22T05:00:00.000Z,-2.7,0,7,1.9,,
2025-12-22T06:00:00.000Z,-2.9,0,10,2.2,,
2025-12-22T07:00:00.000Z,-3.8,0,358,2.5,,
2025-12-22T08:00:00.000Z,-4.1,0,359,2.5,,
2025-12-22T09:00:00.000Z,-3.7,0,11,2.3,,
2025-12-22T10:00:00.000Z,-3.8,0,2,2.3,,
2025-12-22T11:00:00.000Z,-4.1,0,350,2.4,,
2025-12-22T12:00:00.000Z,-5,0,12,1.7,,
2025-12-22T13:00:00.000Z,-5.6,0,18,1.8,,
2025-12-22T14:00:00.000Z,-5.1,0,60,1,,
2025-12-22T15:00:00.000Z,-5,0,111,1.4,,
2025-12-22T16:00:00.000Z,-5.9,0,92,1.3,,
2025-12-22T17:00:00.000Z,-7.5,0,87,0.9,,
2025-12-22T18:00:00.000Z,-7.1,0,163,2.2,,
2025-12-22T19:00:00.000Z,-6.4,0,198,2.5,,
2025-12-22T20:00:00.000Z,-7,0,197,2.8,,
2025-12-22T21:00:00.000Z,-8.7,0,186,2.8,,
2025-12-22T22:00:00.000Z,-6.7,0,206,2.2,,
2025-12-22T23:00:00.000Z,-10.2,0,214,2.9,,
2025-12-23T00:00:00.000Z,-7.6,0,240,2,,
2025-12-23T01:00:00.000Z,-10,0,229,3.3,,
2025-12-23T02:00:00.000Z,-9.4,0,246,3.8,,
2025-12-23T03:00:00.000Z,-9.4,0,242,3.7,,
2025-12-23T04:00:00.000Z,-9.7,0,256,4.5,,
2025-12-23T05:00:00.000Z,-9.5,0,252,4.8,,
2025-12-23T06:00:00.000Z,-9.3,0,253,5.6,,
2025-12-23T07:00:00.000Z,-9.2,0,253,5.1,,
2025-12-23T08:00:00.000Z,-9.9,0,249,6.9,,
2025-12-23T09:00:00.000Z,-9.2,0,240,4.7,,
2025-12-23T10:00:00.000Z,-8.4,0,238,5,,
2025-12-23T11:00:00.000Z,-7.7,0.2,243,6.4,,
2025-12-23T12:00:00.000Z,-7.3,0.1,253,5.6,,
2025-12-23T13:00:00.000Z,-7.3,0.1,270,5.6,,
2025-12-23T14:00:00.000Z,-7.3,0.1,265,7.1,,
2025-12-23T15:00:00.000Z,-7.4,0.1,257,4.6,,
2025-12-23T16:00:00.000Z,-7.5,0,259,4.9,,
2025-12-23T18:00:00.000Z,-6.7,0,316,3.9,,
2025-12-23T19:00:00.000Z,-5.9,0,328,4.7,,
2025-12-23T20:00:00.000Z,-5.8,0,320,4,,
2025-12-23T21:00:00.000Z,-5.2,0,318,4.5,,
2025-12-23T22:00:00.000Z,-3.7,0,325,5.1,,
2025-12-23T23:00:00.000Z,-2.9,0,328,5.4,,
2025-12-24T00:00:00.000Z,-2.4,0,327,5.6,,
2025-12-24T01:00:00.000Z,-2.4,0,327,5.8,,
2025-12-24T02:00:00.000Z,-2.5,0,331,5.5,,
2025-12-24T03:00:00.000Z,-1.7,0,329,4.9,,
2025-12-24T04:00:00.000Z,-1.9,0,329,4.4,,
2025-12-24T05:00:00.000Z,-2.1,0,319,5,,
2025-12-24T06:00:00.000Z,-2.3,0,315,4,,
2025-12-24T07:00:00.000Z,-2,0,320,3.5,,
2025-12-24T08:00:00.000Z,-2.3,0,314,3.1,,
2025-12-24T09:00:00.000Z,-1,0,306,4.1,,
2025-12-24T10:00:00.000Z,-0.9,0,288,4.2,,
2025-12-24T11:00:00.000Z,-1,0,297,4.6,,
2025-12-24T12:00:00.000Z,0,0,282,6,,
2025-12-24T13:00:00.000Z,0,0,295,4.8,,
2025-12-24T14:00:00.000Z,-0.3,0,289,6.3,,
2025-12-24T15:00:00.000Z,0.4,0,289,6.4,,
2025-12-24T16:00:00.000Z,0.1,0,284,5.9,,
2025-12-24T17:00:00.000Z,0.2,0,279,6.3,,
2025-12-24T18:00:00.000Z,0.6,0,283,4.8,,
2025-12-24T19:00:00.000Z,1.4,0,279,6,,
2025-12-24T20:00:00.000Z,1.1,0,285,6.5,,
2025-12-24T21:00:00.000Z,0.6,0,276,7.3,,
2025-12-24T22:00:00.000Z,0.7,0,271,7.1,,
2025-12-24T23:00:00.000Z,0.9,0,264,8.9,,
2025-12-25T00:00:00.000Z,0.2,0,255,8.5,,
2025-12-25T01:00:00.000Z,0.6,0,262,9.5,,
2025-12-25T02:00:00.000Z,1.2,0,255,7,,
2025-12-25T03:00:00.000Z,2.3,0,295,9.7,,
2025-12-25T04:00:00.000Z,2.5,0,298,13.6,,
2025-12-25T05:00:00.000Z,2.6,0,293,12.7,,
2025-12-25T06:00:00.000Z,2.5,0,286,13.1,,
2025-12-25T07:00:00.000Z,2.4,0,283,12.6,,
2025-12-25T08:00:00.000Z,2.9,0,287,13.7,,
2025-12-25T09:00:00.000Z,3.1,0,290,14,,
2025-12-25T10:00:00.000Z,3.4,0,285,14,,
2025-12-25T11:00:00.000Z,2.9,0,301,7.6,,
2025-12-25T12:00:00.000Z,3,0,310,9,,
2025-12-25T13:00:00.000Z,2.7,0,301,9.5,,
2025-12-25T14:00:00.000Z,2.9,0,300,8.4,,
2025-12-25T15:00:00.000Z,2.9,0,286,10.8,,
2025-12-25T16:00:00.000Z,3,0,299,9.5,,
2025-12-25T17:00:00.000Z,3,0,334,6.1,,
2025-12-25T18:00:00.000Z,3.2,0,301,11.7,,
2025-12-25T19:00:00.000Z,3,0,303,11.2,,
2025-12-25T20:00:00.000Z,2.9,0,293,9.9,,
2025-12-25T21:00:00.000Z,2.6,0,313,7.6,,
2025-12-25T22:00:00.000Z,3.1,0,300,6.4,,
2025-12-25T23:00:00.000Z,3.6,0,324,6.3,,
2025-12-26T00:00:00.000Z,2.9,0,303,8,,
2025-12-26T01:00:00.000Z,3.1,0,318,10.2,,
2025-12-26T02:00:00.000Z,3.2,0,316,10.3,,
2025-12-26T03:00:00.000Z,2.7,0,321,5.7,,
2025-12-26T04:00:00.000Z,2,0,295,4.2,,
2025-12-26T05:00:00.000Z,1.6,0,302,6.4,,
2025-12-26T06:00:00.000Z,2.5,0,336,5.4,,
2025-12-26T07:00:00.000Z,2,0,313,5.2,,
2025-12-26T08:00:00.000Z,1.8,0,304,6.1,,
2025-12-26T09:00:00.000Z,2.1,0,288,3.8,,
2025-12-26T10:00:00.000Z,2.9,0,277,3.9,,
2025-12-26T11:00:00.000Z,1.9,0,299,4.6,,
2025-12-26T12:00:00.000Z,2.3,0,300,5.1,,
2025-12-26T13:00:00.000Z,1.7,0,302,3.9,,
2025-12-26T14:00:00.000Z,1.9,0,311,3,,
2025-12-26T15:00:00.000Z,2.8,0,301,3.7,,
2025-12-26T16:00:00.000Z,3.8,0,302,3,,
2025-12-26T17:00:00.000Z,4,0,301,5.5,,
2025-12-26T18:00:00.000Z,5.5,0,300,5.4,,
2025-12-26T19:00:00.000Z,3.5,0,294,6.2,,
2025-12-26T20:00:00.000Z,4.2,0,286,5,,
2025-12-26T21:00:00.000Z,3.4,0,292,5.6,,
2025-12-26T22:00:00.000Z,3.9,0,275,7.1,,
2025-12-26T23:00:00.000Z,2.7,0,287,10.4,,
2025-12-27T00:00:00.000Z,1.9,0,288,13.7,,
2025-12-27T01:00:00.000Z,1.5,0,278,13.6,,
2025-12-27T02:00:00.000Z,1.4,0,283,11.4,,
2025-12-27T03:00:00.000Z,-1.3,0.2,307,14.1,,
2025-12-27T04:00:00.000Z,-1.8,0,300,12.8,,
2025-12-27T05:00:00.000Z,-2.8,0,309,14,,
2025-12-27T06:00:00.000Z,-3.5,0.2,307,11.9,,
2025-12-27T07:00:00.000Z,-3.6,0.6,319,9.8,,
2025-12-27T08:00:00.000Z,-4,0.1,309,12.3,,
2025-12-27T09:00:00.000Z,-4.1,0,310,13.6,,
2025-12-27T10:00:00.000Z,-4,0,307,15.7,,
2025-12-27T11:00:00.000Z,-3.6,0,312,17,,
2025-12-27T12:00:00.000Z,-3.7,0,321,14.1,,
2025-12-27T13:00:00.000Z,-3.9,0,323,14.6,,
2025-12-27T14:00:00.000Z,-4.1,0,330,14.4,,
2025-12-27T15:00:00.000Z,-4.1,0,336,14,,
2025-12-27T16:00:00.000Z,-4.3,0,334,15.5,,
2025-12-27T17:00:00.000Z,-4.4,0,337,12.2,,
2025-12-27T18:00:00.000Z,-4.4,0,343,12.9,,
2025-12-27T19:00:00.000Z,-4.7,0,327,14.2,,
2025-12-27T20:00:00.000Z,-4.2,0,333,14.7,,
2025-12-27T21:00:00.000Z,-4.6,0,344,10.2,,
2025-12-27T22:00:00.000Z,-4.6,0,337,11.6,,
2025-12-27T23:00:00.000Z,-4.6,0,333,9.3,,
2025-12-28T00:00:00.000Z,-4.7,0,325,9.7,,
2025-12-28T01:00:00.000Z,-4.2,0,328,7.8,,
2025-12-28T02:00:00.000Z,-3.7,0,326,8.8,,
2025-12-28T03:00:00.000Z,-4.5,0,342,2.3,,
2025-12-28T04:00:00.000Z,-3.5,0,299,3.6,,
2025-12-28T05:00:00.000Z,-3,0,304,9,,
2025-12-28T06:00:00.000Z,-2.2,0,304,10,,
2025-12-28T07:00:00.000Z,-2.4,0,299,5,,
2025-12-28T08:00:00.000Z,-2.6,0,276,4.7,,
2025-12-28T09:00:00.000Z,-2.4,0,286,8.4,,
2025-12-28T10:00:00.000Z,-2,0,283,12.8,,
2025-12-28T11:00:00.000Z,-1.3,0,287,11.8,,
2025-12-28T12:00:00.000Z,-1,0,287,10,,
2025-12-28T13:00:00.000Z,-0.9,0,296,10,,
2025-12-28T14:00:00.000Z,-0.4,0,297,11.5,,
2025-12-28T15:00:00.000Z,-0.4,0,298,12.8,,
2025-12-28T16:00:00.000Z,-0.4,0,296,11.9,,
2025-12-28T17:00:00.000Z,-0.3,0,309,13.3,,
2025-12-28T18:00:00.000Z,-0.9,0,310,11.9,,
2025-12-28T19:00:00.000Z,-1.7,0,314,9.8,,
2025-12-28T20:00:00.000Z,-2.5,0,324,11.6,,
2025-12-28T21:00:00.000Z,-3.5,0,321,12.4,,
2025-12-28T22:00:00.000Z,-4.1,0,310,10.4,,
2025-12-28T23:00:00.000Z,-4.7,0,320,8.9,,
2025-12-29T00:00:00.000Z,-5.8,0,329,9.9,,
2025-12-29T01:00:00.000Z,-6.8,0,323,9.8,,
2025-12-29T02:00:00.000Z,-7.3,0,330,10.6,,
2025-12-29T03:00:00.000Z,-7.8,0,322,9.7,,
2025-12-29T04:00:00.000Z,-8,0,324,9.8,,
2025-12-29T05:00:00.000Z,-8.4,0,321,9.4,,
2025-12-29T06:00:00.000Z,-8.4,0,324,10,,
2025-12-29T07:00:00.000Z,-8.7,0,322,10,,
2025-12-29T08:00:00.000Z,-9,0,313,10.3,,
2025-12-29T09:00:00.000Z,-8.1,0,307,9.8,,
2025-12-29T10:00:00.000Z,-7.7,0,307,9.8,,
2025-12-29T11:00:00.000Z,-6.6,0,318,10.2,,
2025-12-29T12:00:00.000Z,-6.5,0,337,9.7,,
2025-12-29T13:00:00.000Z,-7,0,339,7.4,,
2025-12-29T14:00:00.000Z,-7.4,0,342,7.3,,
2025-12-29T15:00:00.000Z,-7.5,0,341,7.6,,
2025-12-29T16:00:00.000Z,-7.2,0,341,8.5,,
2025-12-29T17:00:00.000Z,-7.7,0,334,7.3,,
2025-12-29T18:00:00.000Z,-7.5,0,326,6.8,,
2025-12-29T19:00:00.000Z,-6.9,0,322,7.2,,
2025-12-29T20:00:00.000Z,-7.1,0,324,8,,
2025-12-29T21:00:00.000Z,-7,0,324,9.1,,
2025-12-29T22:00:00.000Z,-6.8,0,340,7.8,,
2025-12-29T23:00:00.000Z,-6.8,0,340,7.8,,
2025-12-30T00:00:00.000Z,-6.6,0,334,7.6,,
2025-12-30T01:00:00.000Z,-7.3,0,336,8.2,,
2025-12-30T02:00:00.000Z,-7.5,0,341,7.3,,
2025-12-30T03:00:00.000Z,-7.7,0,338,7.3,,
2025-12-30T04:00:00.000Z,-7.9,0,340,7.4,,
2025-12-30T05:00:00.000Z,-8.1,0,338,6.6,,
2025-12-30T06:00:00.000Z,-8.1,0,334,7.6,,
2025-12-30T07:00:00.000Z,-8,0,332,6.8,,
2025-12-30T08:00:00.000Z,-7.6,0,330,8.3,,
2025-12-30T09:00:00.000Z,-7.8,0,331,6.4,,
2025-12-30T10:00:00.000Z,-7.3,0,332,6.7,,
2025-12-30T11:00:00.000Z,-7.4,0,330,5.9,,
2025-12-30T12:00:00.000Z,-7.6,0,331,5.1,,
2025-12-30T13:00:00.000Z,-7.4,0,326,5.2,,
2025-12-30T14:00:00.000Z,-7.2,0,328,4.5,,
2025-12-30T15:00:00.000Z,-7.1,0,308,5.8,,
2025-12-30T16:00:00.000Z,-7,0,309,6.1,,
2025-12-30T17:00:00.000Z,-6.9,0,308,5.6,,
2025-12-30T18:00:00.000Z,-7.1,0,290,4.7,,
2025-12-30T19:00:00.000Z,-7.2,0,313,4.5,,
2025-12-30T20:00:00.000Z,-6.8,0,324,4.7,,
2025-12-30T21:00:00.000Z,-6.5,0.1,296,4.6,,
2025-12-30T22:00:00.000Z,-5.8,0,334,4.8,,
2025-12-30T23:00:00.000Z,-6.2,0,332,3.4,,
2025-12-31T00:00:00.000Z,-6.2,0,334,3.4,,
2025-12-31T01:00:00.000Z,-6.4,0.1,329,3.3,,
2025-12-31T02:00:00.000Z,-6.5,0.2,341,3.8,,
2025-12-31T03:00:00.000Z,-6.7,0.2,350,3.7,,
2025-12-31T04:00:00.000Z,-6.7,0.4,2,3.3,,
2025-12-31T05:00:00.000Z,-7.3,0.7,20,2,,
2025-12-31T06:00:00.000Z,-7.7,0.2,353,1.2,,
2025-12-31T07:00:00.000Z,-7.8,0,13,1.2,,
2025-12-31T09:00:00.000Z,-8.4,0,225,1.4,,
2025-12-31T10:00:00.000Z,-8.2,0,217,2.8,,
2025-12-31T11:00:00.000Z,-7.8,0,217,3,,
2025-12-31T12:00:00.000Z,-7.7,0.1,230,3,,
2025-12-31T13:00:00.000Z,-7.9,0.1,201,2.7,,
2025-12-31T14:00:00.000Z,-8.1,0.1,189,4.6,,
2025-12-31T15:00:00.000Z,-8,0.3,192,5.1,,
2025-12-31T16:00:00.000Z,-8,0.1,214,5.7,,
2025-12-31T17:00:00.000Z,-8.1,0.1,203,5,,
2025-12-31T18:00:00.000Z,-8,0.1,209,4.4,,
2025-12-31T19:00:00.000Z,-7.9,0.2,208,5.2,,
2025-12-31T20:00:00.000Z,-8,0.1,201,5,,
2025-12-31T21:00:00.000Z,-8,0.2,196,5.5,,
2025-12-31T22:00:00.000Z,-8.1,0.1,196,5.8,,
2025-12-31T23:00:00.000Z,-8.1,0,194,6,,
2026-01-01T01:00:00.000Z,-7.9,0,173,3.8,,
2026-01-01T02:00:00.000Z,-7.9,0.3,157,4.1,,
2026-01-01T03:00:00.000Z,-9.2,0.6,138,4.6,,
2026-01-01T04:00:00.000Z,-9.8,0.6,130,5,,
2026-01-01T05:00:00.000Z,-10.1,0.7,128,4.5,,
2026-01-01T06:00:00.000Z,-10.3,0.9,123,4,,
2026-01-01T07:00:00.000Z,-10.4,0.9,112,4.3,,
2026-01-01T08:00:00.000Z,-10.4,0.6,110,3.4,,
2026-01-01T09:00:00.000Z,-10,0.7,99,3.1,,
2026-01-01T10:00:00.000Z,-9.1,0.5,84,3.9,,
2026-01-01T11:00:00.000Z,-8.2,0.6,75,4.2,,
2026-01-01T12:00:00.000Z,-8.1,1.3,49,4.3,,
2026-01-01T13:00:00.000Z,-7.6,1.3,57,4.7,,
2026-01-01T14:00:00.000Z,-6.8,1,78,5.5,,
2026-01-01T15:00:00.000Z,-6.9,1,75,6,,
2026-01-01T16:00:00.000Z,-7.7,1.1,78,6.9,,
2026-01-01T17:00:00.000Z,-8.3,1,76,7.8,,
2026-01-01T18:00:00.000Z,-8.9,1.3,79,6.5,,
2026-01-01T19:00:00.000Z,-9.6,0.6,75,7.6,,
2026-01-01T20:00:00.000Z,-10,0.3,69,7.2,,
2026-01-01T21:00:00.000Z,-10.4,0.4,61,6,,
2026-01-01T22:00:00.000Z,-11,0.3,51,6.2,,
2026-01-01T23:00:00.000Z,-11.8,0.2,37,6.7,,
2026-01-02T00:00:00.000Z,-12.3,0.1,36,5.8,,
2026-01-02T01:00:00.000Z,-12.7,0.1,35,6.2,,
2026-01-02T02:00:00.000Z,-12.9,0.1,35,6.5,,
2026-01-02T03:00:00.000Z,-13,0.1,25,5,,
2026-01-02T04:00:00.000Z,-13.2,0.1,32,5.8,,
2026-01-02T05:00:00.000Z,-13.4,0.1,27,5.7,,
2026-01-02T06:00:00.000Z,-14,0.1,19,5.8,,
2026-01-02T07:00:00.000Z,-14.5,0,17,5.5,,
2026-01-02T08:00:00.000Z,-14.7,0,14,5.5,,
2026-01-02T09:00:00.000Z,-15.1,0,14,5.3,,
2026-01-02T10:00:00.000Z,-15.3,0,10,5.7,,
2026-01-02T11:00:00.000Z,-15.2,0,16,5.7,,
2026-01-02T12:00:00.000Z,-15.2,0,18,5.1,,
2026-01-02T13:00:00.000Z,-15.2,0,18,5,,
2026-01-02T14:00:00.000Z,-15.1,0,15,6.1,,
2026-01-02T15:00:00.000Z,-15.1,0,23,5.6,,
2026-01-02T16:00:00.000Z,-15.1,0,18,6.2,,
2026-01-02T17:00:00.000Z,-15.4,0,21,6.3,,
2026-01-02T18:00:00.000Z,-15.3,0,22,5.7,,
2026-01-02T19:00:00.000Z,-15.3,0,23,5.5,,
2026-01-02T20:00:00.000Z,-15.3,0.1,10,4.7,,
2026-01-02T21:00:00.000Z,-15.7,0.1,9,4.7,,
2026-01-02T22:00:00.000Z,-15.7,0.1,8,4.9,,
2026-01-02T23:00:00.000Z,-15.8,0.1,13,4.8,,
2026-01-03T00:00:00.000Z,-15.9,0,8,5.2,,
2026-01-03T01:00:00.000Z,-15.9,0,9,5.9,,
2026-01-03T02:00:00.000Z,-15.8,0,14,5.8,,
2026-01-03T03:00:00.000Z,-15.8,0,15,5.5,,
2026-01-03T04:00:00.000Z,-15.9,0,10,6.2,,
2026-01-03T05:00:00.000Z,-15.8,0,14,6.2,,
2026-01-03T06:00:00.000Z,-15.8,0,18,5.6,,
2026-01-03T07:00:00.000Z,-16.1,0,18,6,,
2026-01-03T08:00:00.000Z,-16.5,0,10,6.4,,
2026-01-03T09:00:00.000Z,-16.8,0,11,5.5,,
2026-01-03T10:00:00.000Z,-16.7,0,8,5,,
2026-01-03T11:00:00.000Z,-16.2,0,4,5.8,,
2026-01-03T12:00:00.000Z,-16.2,0,9,5.4,,
2026-01-03T13:00:00.000Z,-16.5,0,7,5.5,,
2026-01-03T14:00:00.000Z,-16.7,0,10,5.3,,
2026-01-03T15:00:00.000Z,-16.7,0,5,5.7,,
2026-01-03T16:00:00.000Z,-16.5,0,7,5.6,,
2026-01-03T17:00:00.000Z,-16.2,0,17,5.7,,
2026-01-03T18:00:00.000Z,-15.9,0,14,5.1,,
2026-01-03T19:00:00.000Z,-15.7,0,18,4.7,,
2026-01-03T20:00:00.000Z,-15.8,0.1,12,4.7,,
2026-01-03T21:00:00.000Z,-15.9,0.1,6,5,,
2026-01-03T22:00:00.000Z,-15.8,0.1,11,4.9,,
2026-01-03T23:00:00.000Z,-15.9,0.1,8,4.6,,
2026-01-04T00:00:00.000Z,-15.9,0.4,5,4.8,,
2026-01-04T01:00:00.000Z,-15.9,0.4,4,4.9,,
2026-01-04T02:00:00.000Z,-16,0.3,9,5.1,,
2026-01-04T03:00:00.000Z,-16.2,0.3,14,4.7,,
2026-01-04T04:00:00.000Z,-16.2,0.1,17,4.8,,
2026-01-04T05:00:00.000Z,-15.9,0,20,3.4,,
2026-01-04T06:00:00.000Z,-16,0,10,4.2,,
2026-01-04T07:00:00.000Z,-16.3,0,9,4.6,,
2026-01-04T08:00:00.000Z,-16.4,0,8,4.2,,
2026-01-04T09:00:00.000Z,-16.2,0,357,4.1,,
2026-01-04T10:00:00.000Z,-15.8,0,356,3.8,,
2026-01-04T11:00:00.000Z,-15.7,0,360,4.1,,
2026-01-04T12:00:00.000Z,-15.6,0,2,3.1,,
2026-01-04T13:00:00.000Z,-16.1,0,353,3,,
2026-01-04T14:00:00.000Z,-16.6,0,354,3.5,,
2026-01-04T16:00:00.000Z,-17,0,346,2.1,,
2026-01-04T17:00:00.000Z,-16.9,0,351,1,,
2026-01-04T18:00:00.000Z,-16.8,0,2,2.4,,
2026-01-04T19:00:00.000Z,-16.2,0,351,2,,
2026-01-04T20:00:00.000Z,-15.8,0,318,0.9,,
2026-01-04T21:00:00.000Z,-15.2,0,0,0,,
2026-01-04T22:00:00.000Z,-14.9,0,245,2.9,,
2026-01-04T23:00:00.000Z,-14.7,0,247,3.3,,
2026-01-05T00:00:00.000Z,-14.6,0,255,3.6,,
2026-01-05T01:00:00.000Z,-14.3,0,256,3.7,,
2026-01-05T02:00:00.000Z,-14.4,0,255,4.7,,
2026-01-05T03:00:00.000Z,-14.5,0,254,4.9,,
2026-01-05T04:00:00.000Z,-13.5,0,262,5,,
2026-01-05T05:00:00.000Z,-13.5,0,258,5.9,,
2026-01-05T06:00:00.000Z,-13.4,0,261,5.2,,
2026-01-05T07:00:00.000Z,-13.3,0,266,5.7,,
2026-01-05T08:00:00.000Z,-13.1,0,263,6,,
2026-01-05T09:00:00.000Z,-13.2,0,263,4.9,,
2026-01-05T10:00:00.000Z,-14.8,0,248,5.7,,
2026-01-05T11:00:00.000Z,-13.4,0,259,5.3,,
2026-01-05T12:00:00.000Z,-12.9,0,268,5.2,,
2026-01-05T13:00:00.000Z,-13.2,0,267,3.5,,
2026-01-05T14:00:00.000Z,-13.8,0,258,5.8,,
2026-01-05T15:00:00.000Z,-14.4,0,261,5.9,,
2026-01-05T16:00:00.000Z,-15.6,0,249,6,,
2026-01-05T17:00:00.000Z,-14.9,0,259,6.6,,
2026-01-05T18:00:00.000Z,-15.1,0,255,5.7,,
2026-01-05T19:00:00.000Z,-14.8,0,247,5.5,,
2026-01-05T20:00:00.000Z,-14.5,0,258,5.5,,
2026-01-05T21:00:00.000Z,-14.6,0,254,5.2,,
2026-01-05T22:00:00.000Z,-14,0,254,4.9,,
2026-01-05T23:00:00.000Z,-14.4,0,256,5.4,,
2026-01-06T00:00:00.000Z,-14.1,0,256,5.7,,
2026-01-06T01:00:00.000Z,-14.1,0,254,5.4,,
2026-01-06T02:00:00.000Z,-14,0,245,5.1,,
2026-01-06T03:00:00.000Z,-13.6,0,249,4,,
2026-01-06T04:00:00.000Z,-13.1,0,260,3.5,,
2026-01-06T05:00:00.000Z,-13.3,0,254,4,,
2026-01-06T06:00:00.000Z,-13.7,0,234,2.4,,
2026-01-06T07:00:00.000Z,-14.1,0,167,2.4,,
2026-01-06T08:00:00.000Z,-13.1,0,231,2.9,,
2026-01-06T09:00:00.000Z,-13,0,207,2.1,,
2026-01-06T10:00:00.000Z,-12.2,0,107,1.5,,
2026-01-06T11:00:00.000Z,-12.7,0,63,1.5,,
2026-01-06T12:00:00.000Z,-13,0,12,2.4,,
2026-01-06T13:00:00.000Z,-14.4,0.1,5,2.9,,
2026-01-06T14:00:00.000Z,-14.5,0.1,2,2.9,,
2026-01-06T15:00:00.000Z,-15,0.4,20,3.2,,
2026-01-06T16:00:00.000Z,-16.1,0.6,12,3.8,,
2026-01-06T17:00:00.000Z,-18.1,0.5,2,4.3,,
2026-01-06T18:00:00.000Z,-18.1,0.5,3,4.5,,
2026-01-06T19:00:00.000Z,-18.1,0.5,4,4.6,,
2026-01-06T20:00:00.000Z,-17.8,0.7,19,4.2,,
2026-01-06T21:00:00.000Z,-18.5,0.4,7,4.8,,
2026-01-06T22:00:00.000Z,-18,0.2,10,4.4,,
2026-01-06T23:00:00.000Z,-17.9,0.3,360,4.6,,
2026-01-07T00:00:00.000Z,-17.3,0.4,8,4.7,,
2026-01-07T01:00:00.000Z,-17.1,0.5,10,5.2,,
2026-01-07T02:00:00.000Z,-16.7,0.6,13,5.4,,
2026-01-07T03:00:00.000Z,-16.2,0.6,17,5.3,,
2026-01-07T04:00:00.000Z,-15.8,0.3,21,5.2,,
2026-01-07T05:00:00.000Z,-15.9,0.2,14,5,,
2026-01-07T06:00:00.000Z,-15.5,0.1,16,4.7,,
2026-01-07T07:00:00.000Z,-15.5,0.1,21,4.7,,
2026-01-07T08:00:00.000Z,-15.3,0.1,15,4.2,,
2026-01-07T09:00:00.000Z,-15,0.1,15,4.3,,
2026-01-07T10:00:00.000Z,-14.7,0.2,24,4.4,,
2026-01-07T11:00:00.000Z,-14,0.5,27,5.3,,
2026-01-07T12:00:00.000Z,-14,0.5,26,5,,
2026-01-07T13:00:00.000Z,-13.8,0.2,24,4.9,,
2026-01-07T14:00:00.000Z,-13.6,0.2,25,4.7,,
2026-01-07T15:00:00.000Z,-13.7,0.3,22,4.3,,
2026-01-07T16:00:00.000Z,-13.6,0.7,20,4.2,,
2026-01-07T17:00:00.000Z,-13.6,0.5,19,4.5,,
2026-01-07T18:00:00.000Z,-13.7,0.4,19,4.9,,
2026-01-07T19:00:00.000Z,-13.6,0.4,20,4.5,,
2026-01-07T20:00:00.000Z,-13.4,0.4,19,4.2,,
2026-01-07T21:00:00.000Z,-13.2,0.7,22,4.9,,
2026-01-07T22:00:00.000Z,-12.6,0.6,24,4.1,,
2026-01-07T23:00:00.000Z,-12.2,0.8,31,4.1,,
2026-01-08T00:00:00.000Z,-11.7,1.2,35,3.4,,
2026-01-08T01:00:00.000Z,-11.4,0.9,35,3.2,,
2026-01-08T02:00:00.000Z,-10.7,1.3,54,3.7,,
2026-01-08T03:00:00.000Z,-10.1,1.7,64,3.6,,
2026-01-08T04:00:00.000Z,-9.7,1.8,86,5,,
2026-01-08T05:00:00.000Z,-9.8,1.5,87,5.6,,
2026-01-08T06:00:00.000Z,-9.5,1.1,86,5,,
2026-01-08T07:00:00.000Z,-9.4,1.5,80,4.4,,
2026-01-08T08:00:00.000Z,-8.9,1,101,4,,
2026-01-08T09:00:00.000Z,-7.5,0.2,125,4.8,,
2026-01-08T10:00:00.000Z,-7.3,0.4,148,6.7,,
2026-01-08T11:00:00.000Z,-7.5,0.3,136,7.6,,
2026-01-08T12:00:00.000Z,-7.7,0.3,138,6.7,,
2026-01-08T13:00:00.000Z,-7.8,0.6,140,5.5,,
2026-01-08T14:00:00.000Z,-7.9,0.1,148,6.7,,
2026-01-08T15:00:00.000Z,-8.1,0,152,6.9,,
2026-01-08T16:00:00.000Z,-8.3,0,165,6.8,,
2026-01-08T17:00:00.000Z,-9,0,185,6.7,,
2026-01-08T18:00:00.000Z,-10.7,0,193,5.8,,
2026-01-08T19:00:00.000Z,-12.5,0,197,5.9,,
2026-01-08T20:00:00.000Z,-13.4,0,197,4.5,,
2026-01-08T21:00:00.000Z,-13.4,0,190,4.8,,
2026-01-08T22:00:00.000Z,-13.6,0,202,4.5,,
2026-01-08T23:00:00.000Z,-13.9,0,193,4.7,,
2026-01-09T00:00:00.000Z,-13.3,0,203,5.2,,
2026-01-09T02:00:00.000Z,-9.7,0,189,4.4,,
2026-01-09T03:00:00.000Z,-9.1,0,169,2.8,,
2026-01-09T04:00:00.000Z,-8.3,0,182,3.6,,
2026-01-09T05:00:00.000Z,-8.6,0,180,3.3,,
2026-01-09T06:00:00.000Z,-8.5,0.1,176,3.8,,
2026-01-09T07:00:00.000Z,-8.6,0.1,160,3.2,,
2026-01-09T08:00:00.000Z,-8.7,0.1,156,3.6,,
2026-01-09T09:00:00.000Z,-9.1,0,161,3.7,,
2026-01-09T10:00:00.000Z,-9.4,0,180,4.4,,
2026-01-09T11:00:00.000Z,-9.6,0,177,2.7,,
2026-01-09T12:00:00.000Z,-9.1,0,180,4.1,,
2026-01-09T13:00:00.000Z,-9.4,0,188,3.4,,
2026-01-09T14:00:00.000Z,-9.3,0,178,3.2,,
2026-01-09T15:00:00.000Z,-9.3,0.1,180,4,,
2026-01-09T16:00:00.000Z,-9.3,0.1,194,3,,
2026-01-09T17:00:00.000Z,-9.6,0,194,3,,
2026-01-09T18:00:00.000Z,-9.4,0,181,2.5,,
2026-01-09T19:00:00.000Z,-9.4,0,186,2.7,,
2026-01-09T20:00:00.000Z,-9.4,0,185,2.8,,
2026-01-09T21:00:00.000Z,-9.4,0.1,172,2.8,,
2026-01-09T22:00:00.000Z,-9.9,0.1,193,3.5,,
2026-01-09T23:00:00.000Z,-10.6,0,186,3.6,,
2026-01-10T00:00:00.000Z,-11.4,0,186,3.1,,
2026-01-10T01:00:00.000Z,-11.8,0,179,3.5,,
2026-01-10T02:00:00.000Z,-12,0,176,3.2,,
2026-01-10T03:00:00.000Z,-12.1,0,186,3.6,,
2026-01-10T04:00:00.000Z,-12.3,0,182,2.9,,
2026-01-10T05:00:00.000Z,-12.4,0,178,3.1,,
2026-01-10T06:00:00.000Z,-12.8,0,179,3.1,,
2026-01-10T07:00:00.000Z,-13,0,187,2.8,,
2026-01-10T08:00:00.000Z,-13.8,0,193,3.4,,
2026-01-10T09:00:00.000Z,-14.1,0,212,3.5,,
2026-01-10T10:00:00.000Z,-12.9,0,233,4,,
2026-01-10T11:00:00.000Z,-12.5,0,247,3.5,,
2026-01-10T12:00:00.000Z,-12.1,0,246,2.7,,
2026-01-10T13:00:00.000Z,-13.2,0,282,1.9,,
2026-01-10T14:00:00.000Z,-13.4,0,332,1.3,,
2026-01-10T15:00:00.000Z,-13.9,0,49,1,,
2026-01-10T16:00:00.000Z,-14.1,0,324,1.1,,
2026-01-10T17:00:00.000Z,-14.2,0,112,0.8,,
2026-01-10T18:00:00.000Z,-14.3,0,324,1.9,,
2026-01-10T19:00:00.000Z,-14,0,351,1.8,,
2026-01-10T20:00:00.000Z,-14.4,0,342,1.2,,
2026-01-10T21:00:00.000Z,-13.2,0,249,0.9,,
2026-01-10T22:00:00.000Z,-12.2,0,355,1.8,,
2026-01-10T23:00:00.000Z,-10.7,0,342,2.5,,
2026-01-11T00:00:00.000Z,-10.5,0,349,2.1,,
2026-01-11T01:00:00.000Z,-9.7,0,348,2.4,,
2026-01-11T02:00:00.000Z,-8.9,0,343,1.9,,
2026-01-11T03:00:00.000Z,-8.7,0,346,2.2,,
2026-01-11T04:00:00.000Z,-9.1,0,290,2.4,,
2026-01-11T05:00:00.000Z,-7.8,0,316,2.3,,
2026-01-11T06:00:00.000Z,-7.7,0,328,2.2,,
2026-01-11T07:00:00.000Z,-7.9,0,310,2.3,,
2026-01-11T08:00:00.000Z,-7.9,0,311,1.5,,
2026-01-11T09:00:00.000Z,-7.5,0,303,1.8,,
2026-01-11T10:00:00.000Z,-7,0,305,1.5,,
2026-01-11T11:00:00.000Z,-6.4,0,299,1.5,,
2026-01-11T12:00:00.000Z,-5.9,0,343,0.7,,
2026-01-11T13:00:00.000Z,-6.7,0,0,0,,
2026-01-11T14:00:00.000Z,-8.7,0,71,1.2,,
2026-01-11T15:00:00.000Z,-9.2,0,37,0.8,,
2026-01-11T16:00:00.000Z,-9.2,0,110,2.1,,
2026-01-11T17:00:00.000Z,-8.4,0,118,2.7,,
2026-01-11T18:00:00.000Z,-8.6,0,138,1.9,,
2026-01-11T19:00:00.000Z,-9.1,0,149,2.7,,
2026-01-11T20:00:00.000Z,-9.6,0,155,3.2,,
2026-01-11T21:00:00.000Z,-10.3,0,158,3.6,,
2026-01-11T22:00:00.000Z,-11.5,0,181,3.1,,
2026-01-11T23:00:00.000Z,-12,0,176,3.2,,
2026-01-12T00:00:00.000Z,-13.1,0,185,3,,
2026-01-12T01:00:00.000Z,-13,0,172,3.6,,
2026-01-12T02:00:00.000Z,-14.6,0,174,3.7,,
2026-01-12T03:00:00.000Z,-14.2,0,165,4.2,,
2026-01-12T04:00:00.000Z,-11.5,0,171,4.3,,
2026-01-12T05:00:00.000Z,-10.2,0,148,4.2,,
